,ISIC 01T03,ISIC 05,ISIC 06,ISIC 07T08,ISIC 09,ISIC 10T12,ISIC 13T15,ISIC 16,ISIC 17T18,ISIC 19,ISIC 20,ISIC 21,ISIC 22,ISIC 231,ISIC 239,ISIC 241,ISIC 242,ISIC 25,ISIC 26,ISIC 27,ISIC 28,ISIC 29,ISIC 30,ISIC 31T33,ISIC 351,ISIC 352T353,ISIC 36T39,ISIC 41T43,ISIC 45T47,ISIC 49T53,ISIC 55T56,ISIC 58T60,ISIC 61,ISIC 62T63,ISIC 64T66,ISIC 68,ISIC 69T82,ISIC 84,ISIC 85,ISIC 86T88,ISIC 90T96,ISIC 97T98
ISIC 01T03,1.074596489597738,0,0,6.908534400105881e-4,1.393146271501084e-4,0.03735672885601122,0.005110678634748316,0.07013796243102279,0.003988788599870455,5.687944571519547e-5,0.0029057258297215476,0.002905725829721546,0.0012745846452160473,1.4167817361815488e-4,1.4167817361815483e-4,8.619430941875267e-5,8.75573122519505e-5,5.365156700603923e-5,3.746373549339066e-5,1.4908962235643384e-4,7.749846524583893e-5,1.3548160653549334e-4,3.4702784921380314e-5,7.588608224198787e-4,4.350034419005203e-5,4.404868475873007e-5,8.788735219567884e-5,6.062655354125986e-4,2.4606433856240185e-4,8.477438197511672e-5,0.0012119452433910318,6.454500203424475e-5,7.182928742190562e-5,7.012449151505454e-5,4.315813483398041e-5,7.478769930214165e-5,2.706857126829034e-4,0.0011093348103655709,2.4395621256246015e-4,1.910503924448302e-4,3.306156997441649e-4,0
ISIC 05,0,1,0,0,0,0,0,0,0,0,0,0,0,0,0,0,0,0,0,0,0,0,0,0,0,0,0,0,0,0,0,0,0,0,0,0,0,0,0,0,0,0
ISIC 06,0,0,1,0,0,0,0,0,0,0,0,0,0,0,0,0,0,0,0,0,0,0,0,0,0,0,0,0,0,0,0,0,0,0,0,0,0,0,0,0,0,0
ISIC 07T08,0.0014212138292973957,0,0,1.036295923971487,0.013736103705048068,7.904720248513291e-4,5.570807631138571e-4,4.300131165289745e-4,0.0016330638862486547,0.0030859195969691103,0.0027197797345131034,0.0027197797345131017,6.789377753436604e-4,0.03595869400521878,0.035958694005218776,0.014656142181770932,0.015194102935171967,0.0012701346946848565,9.911595681025761e-5,7.026923934919855e-4,4.890871200460709e-4,4.6678087886749893e-4,2.3356612930211762e-4,4.4051549705699256e-4,0.005503045937226696,0.005172913003097297,0.0013493848341332919,0.005449730268615547,1.5176192483537155e-4,2.0298210450745013e-4,5.693468459301474e-4,1.469935667144082e-4,3.2958788121344927e-4,2.6383843665683327e-4,8.743658041627623e-5,4.6395539927215364e-4,4.2847145323599223e-4,0.0012353618275536753,7.108371532723491e-4,1.994396681164844e-4,0.0013228875147678512,0
ISIC 09,6.946023680260039e-6,0,0,0.004100447909445899,1.010151735938752,4.259998510304379e-6,3.2070527297854203e-6,3.0715829642724126e-6,8.272712574753348e-6,5.6090419990582704e-5,1.2687505127404877e-5,1.268750512740487e-5,4.031044861739303e-6,1.4446877914377107e-4,1.4446877914377104e-4,6.147329597772002e-5,6.172357431076678e-5,6.685368203282275e-6,1.0692320585971206e-6,3.6814240425175615e-6,3.1751225225148017e-6,2.6730746317746128e-6,1.614775282418089e-6,2.9004459194926933e-6,2.9225649245965938e-5,2.7755911861365964e-5,7.887142845597488e-6,2.2664838592010952e-5,2.3588686094808627e-6,3.219785974732419e-6,4.442471630485057e-6,1.4486236616733268e-6,2.6469194725721372e-6,1.9294775925314597e-6,1.438595086721076e-6,9.43283061855399e-6,6.018157728829919e-6,1.0871925748020156e-5,5.13638380115347e-6,2.1556697875195346e-6,7.385249353055875e-6,0
ISIC 10T12,0.017822996270421144,0,0,1.7130967014796842e-4,2.42933890916253e-4,1.0499658211822018,8.101054751116863e-4,0.0013954779623758268,0.001069843628247452,3.0391114456694004e-4,0.0015290462756637603,0.0015290462756637594,4.179185330932011e-4,9.091698389923093e-4,9.09169838992309e-4,1.5081284794345065e-4,1.436944995804575e-4,1.4626391697564048e-4,6.186406243082683e-5,1.0612038442640193e-4,1.470060507956627e-4,1.2794793829063085e-4,7.546395609952817e-5,1.79468522709624e-4,2.0427510354296133e-4,2.015961544162607e-4,3.979498556235173e-4,1.9304364884419024e-4,7.734599649146701e-4,4.3481562340916366e-4,0.017777952006693604,1.8534152633991545e-4,2.1368570334551318e-4,4.199565197171467e-4,2.225657088375251e-4,2.2264717289614838e-4,7.963552722400827e-4,0.004787782062938133,0.0042055789539275626,0.0032642359121196583,0.0036092257575237523,0
ISIC 13T15,1.2160692552619614e-4,0,0,6.40218777192986e-5,5.475195956478717e-5,1.3152541247420584e-4,1.0147590297114752,5.31870368478716e-4,0.0012793550982730538,1.0963042335652629e-4,2.605893411008111e-4,2.60589341100811e-4,9.474059590457504e-4,2.8421634415440013e-4,2.842163441544e-4,3.773103842962332e-5,3.438805630452952e-5,5.137622064083191e-5,2.6775210636529354e-5,6.170227385282616e-5,2.6727717153330856e-4,7.368086917283619e-4,3.3583417744900864e-4,0.0016953073160478889,2.1110153296950945e-5,2.1401423560908312e-5,1.3560289939746684e-4,1.8502427296615808e-4,1.5170135944731416e-4,5.659555120688597e-5,9.566718385193765e-5,5.3388498689198597e-5,3.685736801204939e-5,3.0650490153476055e-5,2.098090988227587e-5,2.2901864183845286e-5,6.620091265873005e-5,1.2925064165980013e-4,5.6303440779522886e-5,1.0149828778325641e-4,2.9010123011754104e-4,0
ISIC 16,5.328710723604406e-4,0,0,7.892298530287787e-4,8.659997141661717e-4,2.2997463865831948e-4,2.2221668384506588e-4,1.0556847823940176,0.0023615420717325764,1.3528225929189023e-4,1.7714593659442154e-4,1.771459365944214e-4,0.0021638877984262003,6.357700596587185e-4,6.357700596587183e-4,6.956960652865196e-4,7.217526628220959e-4,2.4150353409111956e-4,3.0109210017247376e-4,0.001720139507104328,5.714572548389922e-4,0.00137663735045425,2.0939967451463526e-4,0.004025115882943874,1.2921273969402358e-4,1.3450454139943524e-4,1.6021493840669718e-4,0.00643340452797307,7.02696684303234e-4,2.5102995221238565e-4,4.740947025234933e-4,1.5555904500221866e-4,3.3923407568837316e-4,2.172431579395123e-4,7.202349906364956e-5,6.175178891836595e-4,2.681362520526736e-4,3.725801801683351e-4,1.4834690838018048e-4,2.680760489941781e-4,2.764564615275872e-4,0
ISIC 17T18,5.270163622739945e-4,0,0,0.0011660190272601554,0.0010470598848620644,0.006815213612743357,0.0021305402109192055,0.003014392105264434,1.0384774909186334,4.047497990224036e-4,0.002592195149942964,0.0025921951499429624,0.004817006510075932,0.0035918224736454277,0.0035918224736454273,0.001813128406223813,0.0018786113656959322,0.0019864245828707726,7.20042678664727e-4,0.002676064136337952,0.0018639312752550515,0.002450969013217145,7.175355414165619e-4,0.003903483361256376,4.6327308136631017e-4,4.95836472621443e-4,0.00147796556136482,0.0010352967569053357,0.003932469652720982,0.00255561769491691,0.0033108121948154236,0.006231759013336952,0.0011851067325415697,0.0026668584214587215,0.0026860990315724785,3.735035446317776e-4,0.003382587468474769,0.0033053015440039626,0.001974566112045591,0.003214870256935414,0.0020744637007515465,0
ISIC 19,0.002621154042370696,0,0,0.004943337227458712,0.0036972946266393405,7.910306398672866e-4,4.394439521498124e-4,0.0015153318534303253,0.0011396064997199456,1.0054456713425308,0.0016195755457129434,0.0016195755457129423,7.957931930921297e-4,0.001159006327915038,0.0011590063279150378,0.0017696453331685611,0.0015987274699187969,8.896720755818091e-4,1.451091533045913e-4,0.001065992495942747,6.1629071556274e-4,3.774105341354349e-4,1.9434129989553424e-4,0.0011045936341450432,0.00398788434081334,0.0037892941090447575,0.0025409169637461374,0.003943240412973777,5.723852755194852e-4,0.007243728622471169,7.766041359253238e-4,2.475904800815496e-4,2.2660312033901403e-4,5.125013283612756e-4,4.8476638570877544e-4,3.528535772777242e-4,6.035380109463591e-4,0.004172079842598177,6.273855083695526e-4,4.3141378499047704e-4,7.144303770200005e-4,0
ISIC 20,0.0022545282213620892,0,0,9.595390061798206e-4,8.207851750682622e-4,6.840671266065368e-4,0.007370402028967336,0.0016793008934755968,0.0021218218910440414,0.0032210964678348946,1.0077818557098357,0.007781855709835532,0.010035961495486377,0.0012341062018497151,0.0012341062018497147,4.5328153541956127e-4,3.2459120164217236e-4,8.261854267940722e-4,3.668703383435668e-4,8.957382582687496e-4,5.030365969044673e-4,0.0010118393047807786,2.717509841804469e-4,0.0017655538821570076,2.7410631771713204e-4,2.6605181810722563e-4,7.607624717157978e-4,6.006022105841164e-4,2.2850213309220162e-4,3.3151137779046736e-4,2.989414914039089e-4,1.9675529085883955e-4,1.758777376128151e-4,2.2104866448602502e-4,1.1750411566572943e-4,1.4733414254014217e-4,4.679130988583203e-4,5.667132978350185e-4,2.14123975738221e-4,0.0012026650564451783,4.3703549503655196e-4,0
ISIC 21,0.0027555344927758883,0,0,0.0011727698964420026,0.0010031818806389868,8.360820436302117e-4,0.009008269146515632,0.002052478869803506,0.0025933378668316063,0.003936895682909316,0.009511156978687879,1.0095111569786874,0.012266175161150014,0.0015083520244829843,0.0015083520244829843,5.540107655127973e-4,3.967225797848772e-4,0.0010097821883038659,4.4839708019769284e-4,0.0010947912045506938,6.148225073276821e-4,0.0012366924836209516,3.32140091776102e-4,0.0021578991893030095,3.350188327653838e-4,3.251744443532758e-4,9.298207987637533e-4,7.34069368491698e-4,2.7928038489046853e-4,4.0518057285501564e-4,3.6537293393811075e-4,2.4047868882747054e-4,2.1496167930455182e-4,2.7017058992736387e-4,1.4361614136922473e-4,1.8007506310461824e-4,5.718937874935027e-4,6.926495862428009e-4,2.617070814578256e-4,0.001469923957877441,5.341544939335635e-4,0
ISIC 22,0.001099429191071942,0,0,0.0022959745143550127,0.0015958560096112524,0.005131748771537248,0.001995411872041531,0.002353381626368524,0.005282277397329095,4.577441856586422e-4,0.002990229137325984,0.002990229137325983,1.0184241686682134,0.0019050465282361366,0.0019050465282361363,6.61099763747269e-4,6.705548385476927e-4,0.0015303847992048918,0.0018338986771543172,0.0037757414839183112,0.00499264490710991,0.0075495825253167085,0.0021809097451511886,0.0067498856606435405,2.1561447533098498e-4,2.3664495940882e-4,0.001087338191022639,0.003934218212841938,0.0017288736931411039,0.0011146707492369033,0.0018904613655962338,6.97205260624738e-4,0.0016948479270768348,0.0011137455374965449,3.058990882996542e-4,2.2425376586821262e-4,9.601623272358921e-4,0.0011622883452024452,4.809085004008525e-4,0.0018326765062401447,9.412543655011444e-4,0
ISIC 231,9.280038352267712e-5,0,0,9.748047632455826e-4,0.001328808393615945,5.078210224243127e-4,9.294907043699775e-5,0.0011400088215967985,2.17315089934397e-4,4.2991989374807085e-4,2.878145834706843e-4,2.8781458347068426e-4,9.189742619888219e-4,1.0136380236912153,0.013638023691215074,0.0010612225453977577,0.0010905751397507512,4.346351566463054e-4,1.1841521487605411e-4,0.0017449239140653046,4.6860440195505405e-4,0.0014711283537419098,1.083836959317546e-4,5.356378906169412e-4,1.1873414162807355e-4,1.1984683568189705e-4,2.426103918802107e-4,0.00582814125812543,9.394667673112459e-5,8.450483248869882e-5,2.6698371634604237e-4,8.9556778785554e-5,2.9953424228912204e-4,1.2570820415279337e-4,4.103075048924739e-5,2.03174835072374e-4,2.5986506764197055e-4,2.797816223255538e-4,8.477738563860256e-5,2.565236074326342e-4,2.702296074069964e-4,0
ISIC 239,2.7840115056803114e-4,0,0,0.0029244142897367482,0.003986425180847836,0.0015234630672729384,2.7884721131099304e-4,0.0034200264647903937,6.519452698031906e-4,0.0012897596812442124,8.634437504120528e-4,8.634437504120527e-4,0.002756922785966463,0.040914071073645225,1.040914071073645,0.003183667636193273,0.003271725419252253,0.001303905469938915,3.55245644628162e-4,0.0052347717421959115,0.0014058132058651625,0.004413385061225731,3.2515108779526377e-4,0.0016069136718508228,3.5620242488422043e-4,3.5954050704569096e-4,7.27831175640632e-4,0.017484423774376288,2.818400301933736e-4,2.535144974660963e-4,8.009511490381269e-4,2.686703363566619e-4,8.986027268673659e-4,3.7712461245838013e-4,1.2309225146774218e-4,6.095245052171218e-4,7.795952029259116e-4,8.393448669766614e-4,2.543321569158077e-4,7.695708222979023e-4,8.106888222209893e-4,0
ISIC 241,1.8401871023112886e-4,0,0,5.870183690224978e-4,4.5551001202266727e-4,2.1337605026477185e-4,1.3338956969281607e-4,2.89329344050193e-4,2.3417711876221772e-4,3.5636946679427185e-4,1.4730743670419394e-4,1.4730743670419394e-4,4.5142013739428894e-4,6.773050576753326e-4,6.773050576753324e-4,1.0080279568097816,0.008384649421057065,0.009105462774391943,5.425133903632842e-4,0.004585539936068995,0.004510533332997507,0.0031427669442103813,0.0010342941550295233,0.0014409448564755394,2.625636843755026e-4,2.5579788201952295e-4,3.189381746281621e-4,5.148263347216533e-4,6.695375556265151e-5,4.876955926500063e-4,8.576249628576008e-5,4.3928530823221096e-5,7.614502388333986e-5,7.18593049378839e-5,4.123479075659365e-5,5.518720831067659e-5,8.672923775866698e-5,3.0003329681713717e-4,7.58601197357203e-5,5.895648389938451e-5,1.2160401159227083e-4,0
ISIC 242,1.8117197716184636e-4,0,0,9.01609956752728e-4,7.127486707609927e-4,4.229723640122617e-4,2.696300507758152e-4,5.316104410125461e-4,4.3850048681578e-4,3.158616464148812e-4,1.903548396564269e-4,1.9035483965642688e-4,9.779575867281405e-4,0.001470628649136718,0.001470628649136718,0.018564326147569744,1.0194127936372397,0.021161834064065476,0.0012521237523835098,0.01059865112679284,0.010466219342950259,0.007297384723511711,0.0023949502622310505,0.0032576073490771284,2.3502375294899913e-4,2.3804199118144717e-4,5.035819526954393e-4,8.27864072469899e-4,1.02024534669836e-4,4.5202578488448244e-4,1.265734940710005e-4,7.905481296758421e-5,1.562139867536165e-4,1.1914140883611404e-4,5.0310514783596865e-5,9.535737901807237e-5,1.4521737960950285e-4,3.050108188205268e-4,1.1759791247911986e-4,9.671325143557377e-5,2.160911179516981e-4,0
ISIC 25,0.0010972530995636454,0,0,0.004122943009646374,0.003555305011354097,0.004834309033821846,0.0027076947031368674,0.007426186032824339,0.005256739019872833,0.0015350277620082018,0.003232842614424801,0.0032328426144248,0.008277802273060268,0.005098930467936309,0.0050989304679363075,0.006491376739161734,0.006721823578911418,1.0276929976487386,0.005263501986268127,0.018993005088768534,0.01633093432457134,0.011010881533034226,0.00930592401862222,0.008435552208941427,8.963474595587784e-4,0.0014732296171916957,0.006047099202300273,0.012498270649344138,9.437363447704101e-4,0.001778543092980976,0.001601865412707142,0.0013180950948921053,0.002746192161779373,0.0017133188804420933,4.543715055202394e-4,0.0010202918424144047,0.0012691644222579998,0.0016707308068516435,8.585962302357875e-4,9.867307646113132e-4,0.001506821125410931,0
ISIC 26,2.0791021111790612e-4,0,0,0.001303290953649971,0.0013442319661280276,9.633637439053473e-4,0.0012924243606677393,0.00143533724683829,0.0019179976614941557,3.604215627853961e-4,0.001353943878200349,0.001353943878200349,0.0015830273862882651,0.0011577891783457887,0.0011577891783457884,0.0010889887649240132,0.001122863701909289,0.0022027594991788175,1.010322007643808,0.004332712325617079,0.0026670592328130603,0.002115089569009565,0.004785616426079498,0.00241098456381101,6.299886476228562e-4,6.390852359156697e-4,0.0015130061062889122,9.841191274822937e-4,0.0016823493353017428,0.0011199933647866732,0.0012648387625761115,0.0014555439703035815,0.0018112536093377299,0.0020635022804213884,6.962850133745652e-4,4.3589250974096657e-4,0.0015032832502577405,0.001051919864284588,9.772981512196073e-4,0.0015126069964393272,9.573914251810202e-4,0
ISIC 27,1.3176123069013373e-4,0,0,2.9833303832167344e-4,3.243319702760766e-4,1.5359384104674675e-4,1.140199523608118e-4,3.7373997459691716e-4,0.00019785582524748152,1.0577982784135289e-4,2.8749117621414496e-4,2.874911762141449e-4,4.875426791004962e-4,2.5512468415374594e-4,2.5512468415374594e-4,0.0010086458680861707,0.0010506248785736893,0.0010154298927522302,6.293052996001344e-4,1.0081708879167823,0.0036318794954134253,0.001419553647174753,5.460023293920831e-4,5.732065110250895e-4,1.3160527870908917e-4,1.3401473659981379e-4,5.200894324047287e-4,0.0026320149419218506,3.0339517993952707e-4,2.7895664309084015e-4,2.6736918538761205e-4,2.059616933656627e-4,4.2395781172846725e-4,7.492914396413062e-4,1.0874871877460244e-4,1.419870681552657e-4,3.898323550373113e-4,4.500463192764941e-4,2.1578969551678555e-4,2.1932326586994393e-4,7.164766834826845e-4,0
ISIC 28,2.172224892453699e-4,0,0,0.005038740795620805,0.00688372006962009,6.839120086573935e-4,2.8095471125736906e-4,8.976349973679272e-4,0.001848677176243686,2.044674187278425e-4,7.386217937979203e-4,7.386217937979202e-4,0.001400666747751904,5.447190832059787e-4,5.447190832059786e-4,8.531264599126416e-4,8.832860444788489e-4,0.0025031555887464587,2.4446697640829974e-4,0.002097526959465917,1.0123010911682664,0.0068093592205937525,0.0019207325245828133,6.883216033410462e-4,3.331165691695134e-4,3.4760836372511113e-4,0.0035860048894397287,0.004120875225352048,4.345979568774959e-4,6.737910995371838e-4,4.7767990267544373e-4,3.2155871828716564e-4,4.8019155576474546e-4,7.014276602294475e-4,2.076615740471924e-4,2.6578072412982774e-4,5.16948933698054e-4,5.07446059455395e-4,0.0011581276325991082,4.202528938011174e-4,9.257270865661815e-4,0
ISIC 29,3.2043063941089003e-4,0,0,0.0012218590473355015,7.087493376038243e-4,6.301435064341397e-4,1.75983130233982e-4,0.0016253228922133722,4.374122016858189e-4,9.513944236603388e-5,2.4327527478623063e-4,2.4327527478623057e-4,3.2133580348374044e-4,5.121099420861893e-4,5.121099420861892e-4,3.3950567822102544e-4,3.508675550892375e-4,5.253169352840203e-4,3.1410293359821986e-4,6.749244223569069e-4,0.0038075770817548337,1.038808368717547,8.758522457640476e-4,5.539411103305599e-4,9.330446604264073e-5,9.40959700163911e-5,0.0013280746658239516,2.611424055605154e-4,6.571410388162359e-4,0.0010397739314536938,2.532596552618877e-4,1.6743829980937948e-4,2.659467769016046e-4,1.4037383588968395e-4,6.856849601456365e-5,5.6974463675186456e-5,7.16927676457323e-4,5.790712304721419e-4,2.1883508001019025e-4,3.235428662956423e-4,0.0010655913451475558,0
ISIC 30,2.7499788566219625e-5,0,0,7.580647332035716e-5,7.087378624984405e-5,4.4651546722904575e-5,3.735344414417071e-5,5.4683397083106974e-5,4.187221275242785e-5,2.422877195131455e-5,3.780816292846867e-5,3.7808162928468664e-5,3.1903298251780006e-5,4.890769752573787e-5,4.890769752573787e-5,3.080371373995013e-5,3.110941750772623e-5,7.263808046586182e-5,2.2973940657356087e-5,3.0270004220280107e-5,1.2202446738417468e-4,2.3726857505169813e-4,1.0174531852432878,4.2868512581297045e-5,4.8328537697291106e-5,4.8653495671063185e-5,1.6983664602939776e-4,3.474423496613557e-5,7.098659035033717e-5,6.041437401943174e-4,6.795442224661652e-5,4.721856667123971e-5,4.286617515424202e-5,6.043442704708059e-5,3.784803410266023e-5,2.812355660626186e-5,1.275439334599955e-4,0.0011898820155613196,3.5380056173458026e-5,5.7642801715227315e-5,6.118351175291587e-5,0
ISIC 31T33,1.3702578004659948e-4,0,0,4.7021807560261976e-4,4.122231071241634e-4,2.2415386753920594e-4,4.071870244519409e-4,0.0011465180786579396,3.397268134363861e-4,1.4865337831073384e-4,2.572095456066916e-4,2.572095456066916e-4,8.172981683451784e-4,3.18444699311776e-4,3.184446993117759e-4,1.7474876380805846e-4,1.759620760965248e-4,2.273679424145262e-4,1.737334282419345e-4,6.155210284459172e-4,0.0011241753606190824,6.234390583527863e-4,3.3048859363178396e-4,1.0065725681735969,1.9420897991856754e-4,1.9812636838515996e-4,6.88983038023596e-4,0.004293352663621368,3.807746658549075e-4,3.3012594267650144e-4,4.3257432068300676e-4,2.4022708949870055e-4,2.739266685841875e-4,3.2711218568194503e-4,1.728552617954314e-4,4.027326958666163e-4,4.267127396932987e-4,4.7672693337684946e-4,2.821779855633681e-4,0.002792990893575885,5.942189098094157e-4,0
ISIC 351,0.0030369384259126874,0,0,0.006274881393839159,0.0013317548528336313,0.0017722677296019985,0.002503120073339872,0.002781337619149015,0.003365713983539295,0.009844268390940509,0.0028885836549129404,0.0028885836549129404,0.0031790686902174454,0.004832317631539457,0.004832317631539457,0.0036932147145503375,0.0034072197437787478,0.002218515167326442,7.178029131442158e-4,0.0011550175471893498,0.0012304168137942091,9.91893121066394e-4,0.0014335756687531532,0.0011701517707642809,1.01127692383704,0.010847554189590405,0.00755791497760603,0.001283032042531463,0.0022061283723072683,0.0018554267132971343,0.00348878885788275,6.507958033282521e-4,0.0012464883302385104,6.852438809250918e-4,4.5452756004116533e-4,0.0014479601833977905,9.460789499822772e-4,0.0022057457141077884,0.002382866788166382,0.001393866884108455,0.002210417881450485,0
ISIC 352T353,9.124650376420352e-4,0,0,0.0018784411646807,4.0313956076812947e-4,5.276741610059074e-4,7.460031210344099e-4,8.293288781387165e-4,0.0010024604986484137,0.003500244694654437,8.660638961911578e-4,8.660638961911578e-4,9.460746205447183e-4,0.0014377350057764586,0.0014377350057764588,0.001124888342278398,0.001014445480565546,6.605061923440791e-4,2.135148223180517e-4,3.446468385162627e-4,3.665482217640344e-4,2.951315705238825e-4,4.2616116057974334e-4,3.4964716509595044e-4,0.0035643270330762856,1.0034230092404237,0.0022169668474399276,3.8676860258718047e-4,6.562241973824174e-4,5.694193218214444e-4,0.0010369687046947393,1.941214374255946e-4,3.7096225464171685e-4,2.0479931938721072e-4,1.3551708491397912e-4,4.2323961771173095e-4,2.814934235482474e-4,6.761130018800801e-4,7.088349070911468e-4,4.1361033995498963e-4,6.563970986903417e-4,0
ISIC 36T39,8.866038871872213e-4,0,0,0.001863805500525521,8.321423997060252e-4,9.150404471562592e-4,9.86822789110365e-4,0.001107932886134482,0.0012640875062454467,0.003383618267016212,0.001349383429780594,0.0013493834297805937,0.0011910560257940759,0.0018099630447771966,0.0018099630447771962,0.0012977994805675416,0.0012008187494198183,9.206456306051807e-4,2.9988292728870254e-4,4.8626864600823523e-4,5.872730689811077e-4,3.996967950842154e-4,5.480665552646598e-4,6.136865265993033e-4,0.0029295699758911734,0.0029063751289650206,1.0265823304988164,7.257616688150618e-4,0.0011402928808594294,0.0011572318232551118,0.0017508713169987343,3.2744129017847216e-4,4.8322898267448377e-4,4.620713403087591e-4,5.171442955221662e-4,0.003008323718662624,9.289273720225233e-4,0.002885803638423521,0.0010692286204940361,0.0011822298834206926,0.0014983632266878726,0
ISIC 41T43,0.0037678363720988354,0,0,0.03242053565438004,0.02042773517470267,0.00293781929744992,0.0027271036233411875,0.0038428033077963497,0.005638151214368602,0.014778219198643304,0.0032485359236365157,0.003248535923636515,0.004033412567322536,0.008415123264464175,0.008415123264464173,0.005729315272590153,0.005308583939391112,0.004665015588454691,0.0018824759095634135,0.0019458379386619769,0.0029976605239209943,0.0018733672389857777,0.0016996158068205806,0.0027676187703345257,0.01168526725735995,0.012098737420557597,0.00460899197624627,1.0014227828088083,0.005211731073238692,0.005368167955486849,0.006565059044249269,0.0019232390455225334,0.004084245914461146,0.0016588437039326037,0.0032244666479903693,0.030206370374265556,0.003149710591648812,0.02065063578513233,0.008041579818447955,0.003822164985180328,0.007154444050191727,0
ISIC 45T47,0.029741496969040705,0,0,0.01804004896409546,0.014164507590941317,0.030515298880559705,0.019582445718484734,0.033899854501070865,0.025935038609352236,0.013578941538303867,0.024816759373620916,0.024816759373620913,0.023663768082401646,0.017820826636751722,0.01782082663675172,0.026692444327403947,0.027302160327977484,0.01831184025583268,0.0106490041478096,0.022295286246776482,0.02847823082730875,0.035795512270103864,0.0127328659175353,0.02305441606575665,0.0116619064456257,0.011388336819686424,0.015176235435269534,0.060973674920194315,1.0107432524341662,0.02059155376694021,0.018559417840164148,0.009156335299054803,0.010038254690407825,0.0057829683585450984,0.003270440815428116,0.005863987626451671,0.00927012749287659,0.00951774345597037,0.005999135449700874,0.010107101702961549,0.0135556938036397,0
ISIC 49T53,0.009061046393120194,0,0,0.012332753520568144,0.006028986573927114,0.01450101757622777,0.011613087361621236,0.01944508826232067,0.013868536751184971,0.008100325223812163,0.006288335707558321,0.006288335707558319,0.012147787611972837,0.023934221838840197,0.023934221838840197,0.013386009860289596,0.013631769254150765,0.007116985622838051,0.0022193382461840085,0.005557308783812924,0.006072612494795106,0.005897166126129142,0.003005467416807805,0.007801079241047585,0.023270067910461708,0.02307570685126365,0.02237284777918039,0.00777051497203976,0.027193247400071584,1.1024753399305833,0.0061576695968512726,0.00593851081720587,0.0031157708169105877,0.011404326477997308,0.006092203464387796,0.0028674605011155007,0.011540494069210884,0.011158146254955769,0.005019802931891185,0.009499132995248894,0.007170230243390804,0
ISIC 55T56,0.001332906887475499,0,0,0.0020139922285677884,0.006680603995337021,0.0018594567224405633,0.0017554872030121809,0.0027601640038787895,0.003842425519935226,0.001058772097115498,0.0013845222753704114,0.0013845222753704107,0.003130243724584894,0.004010059455177675,0.004010059455177672,0.002097804819090947,0.002146114937744712,0.0028073101720374606,7.70267256036422e-4,0.0012648733142486936,0.0023133775366405225,0.0014029691333743845,0.001068194795126994,0.0027500207126218,0.006434734520247039,0.006198935606079974,0.009665081444993348,0.0016069211898297772,0.005796833749196725,0.008254572814841467,1.015672779821741,0.003515398168044647,0.0034894989620736843,0.017246207154104996,0.008432784227833336,0.008675909744275498,0.014357898434766798,0.006188447622514638,0.006963252925242615,0.022441766636949984,0.006872148022314514,0
ISIC 58T60,8.734953280468747e-4,0,0,0.001957293046400706,0.0030384027023951763,0.0013595679240750002,0.0012803551297037538,0.0018704154797222954,0.002447355372659609,4.965693236798603e-4,9.652864442085861e-4,9.652864442085861e-4,0.0012348423175108994,0.0030452103722039443,0.003045210372203944,0.0010251024415008584,0.0010496767374728196,0.0019750886302325214,7.601882351475904e-4,9.920892271981694e-4,0.001936750792447896,8.753524066678138e-4,0.0013438202147737972,0.001867635421852272,0.0019329765723004467,0.0023921086195052756,0.0040128350188685545,0.0018898909873047937,0.0031690920680315536,0.0034223791079680353,0.00455126277665761,1.0212073142635876,0.037734613251543654,0.005345517522122845,0.002748550234268214,0.001213821816858399,0.004643905269189413,0.008951031598023386,0.0031342955553614374,0.002929284425534484,0.003547557396788204,0
ISIC 61,0.0011803383213504336,0,0,0.0025514523857460393,0.004255030983872233,0.001759623711184481,0.0016867175899203748,0.002403805186056257,0.0029013440804505665,6.282291465882391e-4,0.0012712622691313626,0.0012712622691313622,0.001586542720279746,0.004089028638948349,0.004089028638948348,0.0013036163854561647,0.0013350187050914064,0.0025109255882788096,9.908017427872908e-4,0.0012616303583413892,0.0024468952654763676,0.0011260880433986366,0.0015586488636985239,0.0023887298315718158,0.0022923184466467615,0.002994907905916728,0.005271771840077816,0.002483502143098928,0.00391088878864972,0.004642179283476792,0.005644493585770249,0.015141084316402294,1.0484391717682964,0.006400461875121441,0.003375996258306878,0.0016640724673709169,0.005394530748498017,0.011890031811845182,0.00362560484107924,0.003511959662528448,0.004575067653409021,0
ISIC 62T63,0.0014960031073574158,0,0,0.007043551940566909,0.004819686044507746,0.0037889621775925044,0.003912937674083869,0.006058184369378166,0.006298210682488839,0.001975193978437302,0.002528064077336287,0.0025280640773362867,0.0038725049905095686,0.008237683312332383,0.00823768331233238,0.003730108535792463,0.0038117037817360744,0.007373621373255991,0.0021949633683351795,0.0036415131657793194,0.007969323534353347,0.0026962010713431498,0.007116724865145423,0.006445436426976227,0.009526009306909524,0.009157401256944192,0.012825081250930065,0.004398230179279143,0.010424551608648667,0.005764629873207886,0.011846392889039003,0.015587842278472786,0.008826700454470947,1.0198246288251742,0.010737147973371195,0.002188063202800054,0.01704413154173781,0.016345394555400766,0.01091403151476605,0.007193150377079062,0.010022945665523048,0
ISIC 64T66,0.004950941833067015,0,0,0.01930776528224416,0.05991615949007711,0.003738299615468698,0.00484229212514035,0.0037200679920693304,0.003683797675674751,0.0015467732659083283,0.003210044811191356,0.003210044811191355,0.003787359754062466,0.006246995306217587,0.006246995306217587,0.007911813638928374,0.00820775798134714,0.007986632121435468,0.0031576399573379067,0.006508810680156664,0.007449411704472115,0.005850048867319911,0.0034264459850494606,0.00871648779519758,0.006244068435123828,0.007052808507520734,0.007166486653271905,0.0033363654889895025,0.00934594654946936,0.018897095524503377,0.014179531089639768,0.005730524165902697,0.006731074191473543,0.005270303393091795,1.0689886955427341,0.015017696671854312,0.01038354104091656,0.00983637749854844,0.007170869860108927,0.011923903785012891,0.009341505898754382,0
ISIC 68,0.01079844905181512,0,0,0.009306167886076402,0.016598589942511954,0.011077530227956675,0.01515615653391442,0.012600268183806072,0.023403941715106815,0.0033751084864840236,0.010212638956558728,0.010212638956558726,0.016199971588818245,0.014408546262634818,0.014408546262634818,0.006475669152054224,0.006619830592285009,0.019119839246228343,0.011171985069032655,0.009336434793878084,0.011012997660929892,0.007542997817012615,0.0066414426986276765,0.016817506962608534,0.022041757548011593,0.021567974535360496,0.03385627137459228,0.016554422314387373,0.07122021116565187,0.036932262555207436,0.05820986799288687,0.02777453695664404,0.038992256208729904,0.025186467954895774,0.032995730513814284,1.038890604358133,0.050418662082195205,0.015995626386100557,0.09873489584199437,0.0750855753159737,0.09989511144271342,0
ISIC 69T82,0.007445308385245346,0,0,0.06663304666379669,0.06944926944625891,0.032170696775273636,0.030010327169837044,0.017349542522009882,0.030995009655705365,0.013990576306389836,0.032467687027654346,0.03246768702765434,0.021361182625483963,0.032670962426068414,0.032670962426068414,0.019835193221086816,0.020106940328432948,0.0347642465873459,0.02097566362786923,0.023429457018134096,0.03966382921702808,0.02269485407232999,0.02339568847867631,0.03848063196403688,0.03134204348980525,0.031845075913804796,0.057455569756594944,0.02454365533375377,0.0575948365259617,0.05812763197145963,0.06517101495641947,0.04752808661179143,0.042553533133788436,0.058962550883295904,0.03645547714452772,0.022181041650329657,1.063680911828798,0.025758070494196022,0.031474910046087407,0.05361322554905248,0.04178135625164242,0
ISIC 84,0.006500972310029943,0,0,0.005370441689785679,0.004043208357710853,0.006154554384408979,0.0038845487904890235,0.0075778904795754274,0.004926203483812581,0.004560599568730641,0.004287820387332566,0.004287820387332565,0.0034890870909718504,0.005544637240488902,0.005544637240488902,0.0035674483429874227,0.003521271497405918,0.0033218910108934845,0.0013287152553827953,0.0020578086853433072,0.0029010631432085502,0.0018183100415763858,0.0019809319372273613,0.0029885984777478242,0.006971440505152238,0.006934639717393388,0.013644611475603648,0.00200920142639197,0.0057559163129543905,0.008004898963543885,0.007245962016038358,0.0028823312040458697,0.003057331120166418,0.0038365223508037105,0.003240080497919427,0.0031328249675095904,0.005172008971298158,1.0063006548451323,0.003884598396762215,0.005925925984199146,0.0054961000473425685,0
ISIC 85,2.4048524280890512e-4,0,0,0.001353139232010697,0.001634838987593184,7.092266167261995e-4,6.623307305469638e-4,5.3779955342506e-4,8.562416045932387e-4,3.433962586695752e-4,6.727066964042612e-4,6.72706696404261e-4,5.986358402843947e-4,8.878604142651272e-4,8.878604142651272e-4,5.168740783031398e-4,5.249399783205715e-4,8.399081003029887e-4,4.2937381440235034e-4,5.194427824495587e-4,9.02109409571382e-4,5.121946496368118e-4,5.373117571466858e-4,8.884698394406924e-4,0.0010638829554720838,0.0010551080230431983,0.0017013330199782079,5.871377637527302e-4,0.0016895922871733447,0.001560401871000094,0.002135920773317514,0.0011700175628854108,0.0010362476128216638,0.0022202629969989805,0.0012180750114563002,9.267813791122749e-4,0.002098370624923076,0.0015330708597371164,1.002406052450954,0.0022677330091077936,0.00198843887071081,0
ISIC 86T88,1.603999694126956e-4,0,0,3.9485386666640544e-4,3.59147842155327e-4,2.486256630777364e-4,2.0359027830237433e-4,2.3934054410404613e-4,2.529861272208709e-4,1.4602273213961602e-4,2.2166475813060373e-4,2.2166475813060368e-4,1.9319342368137295e-4,2.504539052542499e-4,2.5045390525424985e-4,1.981412799093951e-4,2.0056454644717345e-4,2.37967974244682e-4,1.2346841382341513e-4,1.8161126373196095e-4,2.850871350794687e-4,0.00021756716396326395,1.6911480641481805e-4,2.55371417811992e-4,2.5331158512663555e-4,2.51616038614948e-4,3.72317541231798e-4,3.160749136860462e-4,3.19209183212971e-4,3.352570767232146e-4,4.037512926078831e-4,2.846541210452979e-4,2.2881020458109726e-4,3.7358781782773987e-4,2.2249497759035014e-4,1.887943250624917e-4,4.29930569478685e-4,0.0037477768541420106,2.271606474921717e-4,1.0112198471648997,3.816334371441777e-4,0
ISIC 90T96,0.0018085550126287443,0,0,0.003016820866967541,0.006266634012086081,0.003420964785791681,0.0031211942828516014,0.004514656558433233,0.006204770408771764,0.0026003142694829657,0.0035258520239163176,0.0035258520239163167,0.004762005494079704,0.008549399766165366,0.008549399766165366,0.00544634233579314,0.00557866921122973,0.0055495780520670385,0.002009037585042027,0.0022209971760259917,0.0038090512105906716,0.002426681704558166,0.0020918990547673867,0.003786036441816254,0.0035203713005675934,0.004058847086537668,0.027502600752555208,0.0048077105478600045,0.009366876532998619,0.01368919936576848,0.012405867977131247,0.011603102755953474,0.026808045789156774,0.007020709012346253,0.006980457615244002,0.008161296440119184,0.012547906392506185,0.010641122617606002,0.00962349161012864,0.009879425890778575,1.0173654785005024,0
ISIC 97T98,0,0,0,0,0,0,0,0,0,0,0,0,0,0,0,0,0,0,0,0,0,0,0,0,0,0,0,0,0,0,0,0,0,0,0,0,0,0,0,0,0,1
