Pollutant:,VOC,Unit: grams of VOC,,,,,,,,,,,,,,,,,,,,,,,,,,,,,,,,,,
,2015.0,2016.0,2017.0,2018.0,2019.0,2020.0,2021.0,2022.0,2023.0,2024.0,2025.0,2026.0,2027.0,2028.0,2029.0,2030.0,2031.0,2032.0,2033.0,2034.0,2035.0,2036.0,2037.0,2038.0,2039.0,2040.0,2041.0,2042.0,2043.0,2044.0,2045.0,2046.0,2047.0,2048.0,2049.0,2050.0
agriculture and forestry 01T03,0.0,0.0,0.0,0.0,0.0,269068839.5154553,270925481.2030075,272764097.24310774,288444423.4470691,294526590.59986866,297642976.15575105,300077615.9222765,302434088.557246,304563225.7331538,306923475.61782277,309222655.7914049,308675848.61513025,308852970.8223336,307555930.9066228,306976474.49713075,306330082.3384227,306079583.4376358,305715746.0470758,305735960.54524726,305730011.10616237,305717450.2176998,305601859.0061645,306047784.93775797,306360938.47289693,306812371.40038466,307635266.73980594,310242315.0286853,312903477.6732184,315642161.4976286,318000592.19029737,320435790.9350503
coal mining 05,0.0,0.0,0.0,0.0,0.0,0.0,0.0,0.0,0.0,0.0,0.0,0.0,0.0,0.0,0.0,0.0,0.0,0.0,0.0,0.0,0.0,0.0,0.0,0.0,0.0,0.0,0.0,0.0,0.0,0.0,0.0,0.0,0.0,0.0,0.0,0.0
oil and gas extraction 06,0.0,0.0,0.0,0.0,0.0,0.0,0.0,0.0,0.0,0.0,0.0,0.0,0.0,0.0,0.0,0.0,0.0,0.0,0.0,0.0,0.0,0.0,0.0,0.0,0.0,0.0,0.0,0.0,0.0,0.0,0.0,0.0,0.0,0.0,0.0,0.0
other mining and quarrying 07T08,0.0,0.0,0.0,0.0,0.0,0.0,0.0,0.0,0.0,0.0,0.0,0.0,0.0,0.0,0.0,0.0,0.0,0.0,0.0,0.0,0.0,0.0,0.0,0.0,0.0,0.0,0.0,0.0,0.0,0.0,0.0,0.0,0.0,0.0,0.0,0.0
food beverage and tobacco 10T12,0.0,0.0,0.0,0.0,0.0,0.0,0.0,0.0,0.0,0.0,0.0,0.0,0.0,0.0,0.0,0.0,0.0,0.0,0.0,0.0,0.0,0.0,0.0,0.0,0.0,0.0,0.0,0.0,0.0,0.0,0.0,0.0,0.0,0.0,0.0,0.0
textiles apparel and leather 13T15,0.0,0.0,0.0,0.0,0.0,0.0,0.0,0.0,0.0,0.0,0.0,0.0,0.0,0.0,0.0,0.0,0.0,0.0,0.0,0.0,0.0,0.0,0.0,0.0,0.0,0.0,0.0,0.0,0.0,0.0,0.0,0.0,0.0,0.0,0.0,0.0
wood products 16,0.0,0.0,0.0,0.0,0.0,0.0,0.0,0.0,0.0,0.0,0.0,0.0,0.0,0.0,0.0,0.0,0.0,0.0,0.0,0.0,0.0,0.0,0.0,0.0,0.0,0.0,0.0,0.0,0.0,0.0,0.0,0.0,0.0,0.0,0.0,0.0
pulp paper and printing 17T18,0.0,0.0,0.0,0.0,0.0,259796535.87840223,263536710.14492756,279212779.7116809,289328051.5862239,286428214.2015918,286178906.9510443,287293839.1459973,287055105.2904468,288249080.6841646,290233097.720171,291726267.3315545,294630784.4290749,297432308.73954594,299138092.7939063,301314131.9261984,303399454.7952976,303989311.16918,305148913.1292401,308085436.8223776,308251410.2862419,311064077.80788195,314997745.7702224,318001498.8045955,320257301.6139734,321474818.29481196,322496070.9013422,323612074.87904227,323555917.59859365,324026547.80240476,324918175.26631016,325992229.7153203
refined petroleum and coke 19,0.0,0.0,0.0,0.0,0.0,31507666.246092003,31599176.86467173,31695898.05673442,29319091.34461468,38361441.931417674,40314561.007654145,42598921.37247906,44355593.09753322,44065725.911640644,43141114.14989929,42895132.1119364,42291365.73712529,43370875.486298524,43614204.01367623,43542704.285695225,44310014.06871593,44384494.14632294,44897265.00413534,44403766.43464918,44439851.7724127,44516837.09845734,44069794.3757335,44474106.042201474,44288047.828383334,44582158.27358744,44721253.89683936,48006643.52780314,47982813.14309883,45938249.082508534,44689307.945140116,45142383.040669255
chemicals 20,0.0,0.0,0.0,0.0,0.0,75125140.72740367,75503608.91841403,71654304.67099875,77895528.27168702,84394158.07713585,77583559.22725907,72750734.42216869,74655481.63683356,76877715.59640667,79184091.2616282,81390375.36904693,82978045.6226552,84583530.77674474,86582885.57903922,88161549.93297774,89600772.33084834,91496586.39758506,93327693.22950146,94855746.486421,95846374.41484939,97127223.71292496,98543503.25111374,101271906.01364332,103883972.09664765,105889025.67687692,108099371.10779884,109207657.10762648,109531115.33644922,109889286.79529755,111387527.57983145,113291841.81226696
rubber and plastic products 22,0.0,0.0,0.0,0.0,0.0,0.0,0.0,0.0,0.0,0.0,0.0,0.0,0.0,0.0,0.0,0.0,0.0,0.0,0.0,0.0,0.0,0.0,0.0,0.0,0.0,0.0,0.0,0.0,0.0,0.0,0.0,0.0,0.0,0.0,0.0,0.0
glass and glass products 231,0.0,0.0,0.0,0.0,0.0,0.0,0.0,0.0,0.0,0.0,0.0,0.0,0.0,0.0,0.0,0.0,0.0,0.0,0.0,0.0,0.0,0.0,0.0,0.0,0.0,0.0,0.0,0.0,0.0,0.0,0.0,0.0,0.0,0.0,0.0,0.0
cement and other nonmetallic minerals 239,0.0,0.0,0.0,0.0,0.0,38132362.055851355,39903950.88558079,38049602.38095238,39664532.28035538,45127623.804889016,41070708.436156385,38021747.75657856,36134031.15490875,34593727.3102801,34129524.98892717,33602388.460062526,33132211.716041833,32709680.28895773,27136737.580957767,26099723.282276705,24946172.534681957,23846002.119122297,23161810.9952447,22582276.18504311,21644999.428370565,21041657.99927411,20386102.64926876,19820616.139681082,19396567.461535227,19082649.637745827,18590183.99568726,18273780.664500386,17990144.615831953,17688186.12784992,17474459.422287427,17315322.505198747
iron and steel 241,0.0,0.0,0.0,0.0,0.0,53105625.545533895,53718910.38696538,63366051.91720393,61679780.471821755,59793006.20087974,55800572.38057399,50201162.37635342,48109990.67547844,48779626.75834193,48936679.275139436,48371927.98238358,47328502.448341236,45569521.99875371,45570843.81992137,46345234.59001318,46557937.737864584,47046727.17112713,47567947.111001596,48012150.30377217,48588444.6234989,49001720.85626374,49146042.05648294,49632604.04007924,50545570.29507736,51077064.90539349,51236407.412441276,51086210.80516183,50486609.23148816,49795670.05152392,49823056.30673266,50288476.313515104
other metals 242,0.0,0.0,0.0,0.0,0.0,7912665.603402446,8154241.360978203,8267819.633507853,8980706.570155902,9281294.774396798,9177868.90718741,9137166.020076927,9336913.567687545,9675871.281237533,9954297.06901742,10188985.123487355,10324099.51206058,10345277.352593588,10339559.651948575,10365088.654739017,10428405.353763107,10526608.278711572,10632711.869821189,10715508.94205118,10777235.194084182,10883897.879469816,10965269.79302844,11029484.72639809,11133499.367302539,11243541.547880657,11298610.928426106,11316496.703787858,11331145.125567053,11357731.092038803,11386712.17631335,11383975.086952105
metal products except machinery and vehicles 25,0.0,0.0,0.0,0.0,0.0,0.0,0.0,0.0,0.0,0.0,0.0,0.0,0.0,0.0,0.0,0.0,0.0,0.0,0.0,0.0,0.0,0.0,0.0,0.0,0.0,0.0,0.0,0.0,0.0,0.0,0.0,0.0,0.0,0.0,0.0,0.0
computers and electronics 26,0.0,0.0,0.0,0.0,0.0,0.0,0.0,0.0,0.0,0.0,0.0,0.0,0.0,0.0,0.0,0.0,0.0,0.0,0.0,0.0,0.0,0.0,0.0,0.0,0.0,0.0,0.0,0.0,0.0,0.0,0.0,0.0,0.0,0.0,0.0,0.0
appliances and electrical equipment 27,0.0,0.0,0.0,0.0,0.0,0.0,0.0,0.0,0.0,0.0,0.0,0.0,0.0,0.0,0.0,0.0,0.0,0.0,0.0,0.0,0.0,0.0,0.0,0.0,0.0,0.0,0.0,0.0,0.0,0.0,0.0,0.0,0.0,0.0,0.0,0.0
other machinery 28,0.0,0.0,0.0,0.0,0.0,0.0,0.0,0.0,0.0,0.0,0.0,0.0,0.0,0.0,0.0,0.0,0.0,0.0,0.0,0.0,0.0,0.0,0.0,0.0,0.0,0.0,0.0,0.0,0.0,0.0,0.0,0.0,0.0,0.0,0.0,0.0
road vehicles 29,0.0,0.0,0.0,0.0,0.0,0.0,0.0,0.0,0.0,0.0,0.0,0.0,0.0,0.0,0.0,0.0,0.0,0.0,0.0,0.0,0.0,0.0,0.0,0.0,0.0,0.0,0.0,0.0,0.0,0.0,0.0,0.0,0.0,0.0,0.0,0.0
nonroad vehicles 30,0.0,0.0,0.0,0.0,0.0,0.0,0.0,0.0,0.0,0.0,0.0,0.0,0.0,0.0,0.0,0.0,0.0,0.0,0.0,0.0,0.0,0.0,0.0,0.0,0.0,0.0,0.0,0.0,0.0,0.0,0.0,0.0,0.0,0.0,0.0,0.0
other manufacturing 31T33,0.0,0.0,0.0,0.0,0.0,401880791.3043478,405241323.1884058,440620302.96130925,479071641.6829561,471264430.28702754,458514044.72731256,452021034.3054581,451093197.4754136,452717533.7905547,459504188.19611984,467811983.46120185,475890602.79506373,489569427.9662223,501265028.025492,513376352.1062123,523710978.6388876,529923413.9960112,537890055.9688076,549557434.4128306,556724045.1867489,567489016.7551944,577977640.1478223,586867087.4112772,593898731.7476335,600822303.0836722,608832508.4383018,622695619.5273523,631349691.7377602,638848616.7839139,647118056.1550449,655597859.2697253
energy pipelines and gas processing 352T353,0.0,0.0,0.0,0.0,0.0,32112285.986653954,31989609.837940894,36908925.07452799,40358615.82417582,46347836.95714854,47206748.282735035,47477146.21399752,50584878.1786842,54493479.85948074,55106281.25134922,55988092.113974884,55340197.2952126,54191486.33009039,52247208.58825797,50944892.27909128,50412519.5412187,50362569.313378885,50405365.53980262,49783314.14306891,50009039.781604186,49767740.095580876,49256447.07582225,49211344.03200448,49491788.5133505,49730082.93926248,50001343.10799609,50170168.605841905,49836729.09315495,49629534.216332376,49873446.54953095,50430433.94929415
water and waste 36T39,0.0,0.0,0.0,0.0,0.0,0.0,0.0,0.0,0.0,0.0,0.0,0.0,0.0,0.0,0.0,0.0,0.0,0.0,0.0,0.0,0.0,0.0,0.0,0.0,0.0,0.0,0.0,0.0,0.0,0.0,0.0,0.0,0.0,0.0,0.0,0.0
construction 41T43,0.0,0.0,0.0,0.0,0.0,0.0,0.0,0.0,0.0,0.0,0.0,0.0,0.0,0.0,0.0,0.0,0.0,0.0,0.0,0.0,0.0,0.0,0.0,0.0,0.0,0.0,0.0,0.0,0.0,0.0,0.0,0.0,0.0,0.0,0.0,0.0
