Pollutant:,OC,Unit: grams,,,,,,,,,,,,,,,,,,,,,,,,,,,,,,,,,,
,2015.0,2016.0,2017.0,2018.0,2019.0,2020.0,2021.0,2022.0,2023.0,2024.0,2025.0,2026.0,2027.0,2028.0,2029.0,2030.0,2031.0,2032.0,2033.0,2034.0,2035.0,2036.0,2037.0,2038.0,2039.0,2040.0,2041.0,2042.0,2043.0,2044.0,2045.0,2046.0,2047.0,2048.0,2049.0,2050.0
agriculture and forestry 01T03,0.0,0.0,0.0,0.0,0.0,14964.411027568922,15067.66917293233,15169.924812030074,16041.994750656168,16380.257811428182,16553.577302687685,16688.981128102627,16820.03764564069,16938.45077698557,17069.717368336558,17197.58753422376,17167.176553326342,17177.0273019878,17104.891715968955,17072.66493006608,17036.71547577282,17022.78384206866,17002.548826117567,17003.673066516043,17003.342185199537,17002.643604501147,16996.214935898322,17021.015351064325,17038.43155660858,17063.53824637047,17109.304021827586,17254.296441736795,17402.298461204075,17554.61186359149,17685.77727958199,17821.212192877512
coal mining 05,0.0,0.0,0.0,0.0,0.0,0.0,0.0,0.0,0.0,0.0,0.0,0.0,0.0,0.0,0.0,0.0,0.0,0.0,0.0,0.0,0.0,0.0,0.0,0.0,0.0,0.0,0.0,0.0,0.0,0.0,0.0,0.0,0.0,0.0,0.0,0.0
oil and gas extraction 06,0.0,0.0,0.0,0.0,0.0,0.0,0.0,0.0,0.0,0.0,0.0,0.0,0.0,0.0,0.0,0.0,0.0,0.0,0.0,0.0,0.0,0.0,0.0,0.0,0.0,0.0,0.0,0.0,0.0,0.0,0.0,0.0,0.0,0.0,0.0,0.0
other mining and quarrying 07T08,0.0,0.0,0.0,0.0,0.0,0.0,0.0,0.0,0.0,0.0,0.0,0.0,0.0,0.0,0.0,0.0,0.0,0.0,0.0,0.0,0.0,0.0,0.0,0.0,0.0,0.0,0.0,0.0,0.0,0.0,0.0,0.0,0.0,0.0,0.0,0.0
food beverage and tobacco 10T12,0.0,0.0,0.0,0.0,0.0,0.0,0.0,0.0,0.0,0.0,0.0,0.0,0.0,0.0,0.0,0.0,0.0,0.0,0.0,0.0,0.0,0.0,0.0,0.0,0.0,0.0,0.0,0.0,0.0,0.0,0.0,0.0,0.0,0.0,0.0,0.0
textiles apparel and leather 13T15,0.0,0.0,0.0,0.0,0.0,0.0,0.0,0.0,0.0,0.0,0.0,0.0,0.0,0.0,0.0,0.0,0.0,0.0,0.0,0.0,0.0,0.0,0.0,0.0,0.0,0.0,0.0,0.0,0.0,0.0,0.0,0.0,0.0,0.0,0.0,0.0
wood products 16,0.0,0.0,0.0,0.0,0.0,0.0,0.0,0.0,0.0,0.0,0.0,0.0,0.0,0.0,0.0,0.0,0.0,0.0,0.0,0.0,0.0,0.0,0.0,0.0,0.0,0.0,0.0,0.0,0.0,0.0,0.0,0.0,0.0,0.0,0.0,0.0
pulp paper and printing 17T18,0.0,0.0,0.0,0.0,0.0,13457476.13997879,13651217.39130435,14463238.735045321,14987210.424817108,14836998.674373401,14824084.54384267,14881838.098410057,14869471.670374313,14931319.667378407,15034091.868836327,15111438.144259876,15261892.304111863,15407011.431417625,15495371.147739083,15608090.105301276,15716109.95498929,15746664.550533446,15806732.001612497,15958844.105037065,15967441.540419603,16113137.886732249,16316902.123105956,16472496.71043865,16589347.431257768,16652414.86834661,16705315.814615214,16763124.887593187,16760215.937097877,16784594.609881666,16830780.96598794,16886417.050863832
refined petroleum and coke 19,0.0,0.0,0.0,0.0,0.0,401618.71371147834,402785.1719517642,404018.04779986595,373721.60987880174,488981.72413910466,513877.5436198867,542995.5958491043,565387.3602254038,561692.5106787549,549906.7635677918,546771.3047587777,539075.2769749379,552835.4619888223,555937.0972991452,555025.7118427242,564806.3780992496,565755.7531729861,572291.8885609538,566001.4112165687,566461.3801277293,567442.6888473032,561744.3701628243,566898.0089679693,564526.381062384,568275.3181550077,570048.3280903359,611926.1982989035,611622.4395762659,585560.9984748695,569641.1226842129,575416.3342044783
chemicals 20,0.0,0.0,0.0,0.0,0.0,400312.07778177893,279603.48961019085,261725.15018063504,284906.3182057057,318304.90973755805,283280.97920613544,259392.59563590522,270590.60773703165,283002.35111978557,295237.5037378534,306131.0910897361,313974.1349657984,321443.13441464846,332427.5692006847,341434.27159724286,349182.20057458774,359756.88426979433,369768.9583315778,377812.06755206396,383724.790895758,390444.31569945044,397459.18661400804,411026.2141838688,424939.23964817624,435620.61206304235,447753.4884736916,453208.3087352629,455740.26555176236,457932.19063920196,465437.9980274854,475171.3553894013
rubber and plastic products 22,0.0,0.0,0.0,0.0,0.0,0.0,0.0,0.0,0.0,0.0,0.0,0.0,0.0,0.0,0.0,0.0,0.0,0.0,0.0,0.0,0.0,0.0,0.0,0.0,0.0,0.0,0.0,0.0,0.0,0.0,0.0,0.0,0.0,0.0,0.0,0.0
glass and glass products 231,0.0,0.0,0.0,0.0,0.0,0.0,0.0,0.0,0.0,0.0,0.0,0.0,0.0,0.0,0.0,0.0,0.0,0.0,0.0,0.0,0.0,0.0,0.0,0.0,0.0,0.0,0.0,0.0,0.0,0.0,0.0,0.0,0.0,0.0,0.0,0.0
cement and other nonmetallic minerals 239,0.0,0.0,0.0,0.0,0.0,6258046.289253504,6548788.438552646,6244464.285714285,6509496.544916091,7406065.17585706,6740269.437005972,6239892.957863002,5930092.640302311,5677307.545450782,5601125.545228746,5514615.1739708735,5437452.688628311,5368109.456612318,4453512.7321046665,4283324.389870358,4094010.8098493386,3913457.678192935,3801172.482808213,3706062.831243399,3552242.794590355,3453226.1486773705,3345640.4785452015,3252836.3467747956,3183244.1129434193,3131725.8705272153,3050905.469751737,2998979.3213075045,2952430.7356398166,2902875.1850957214,2867799.686371021,2841683.124485571
iron and steel 241,0.0,0.0,0.0,0.0,0.0,10374122.199592669,10493926.6802444,12378484.56057007,12049073.394495413,11680494.234590463,10900576.930158637,9806738.696776014,9398230.736605093,9529043.366745863,9559723.393283054,9449399.884930745,9245567.920141079,8901953.13464026,8902211.350868361,9053487.687351413,9095038.999954944,9190523.447382977,9292343.156567754,9379117.73376014,9491696.159009088,9572429.190525938,9600622.16917341,9695671.486899195,9874018.383224417,9977845.237332683,10008972.610802481,9979631.878217658,9862500.408011638,9727526.242623279,9732876.115733827,9823795.37287272
other metals 242,0.0,0.0,0.0,0.0,0.0,566948.644338118,584257.735247209,592395.7068062827,643474.6102449889,665011.9888529165,657601.4450307885,654685.0515137911,668997.1186481597,693283.7024388963,713233.1266711929,730048.7082960332,739729.7593187408,741247.1680634039,740837.4903654074,742666.6632698106,747203.3539976774,754239.669944813,761842.0747669172,767774.549385303,772197.2833493332,779839.747711134,785670.1086023387,790271.1585196421,797723.8884349231,805608.4962555732,809554.2602003253,810835.789915156,811885.3607280354,813790.2659022283,815866.7831297272,815670.6685482995
metal products except machinery and vehicles 25,0.0,0.0,0.0,0.0,0.0,0.0,0.0,0.0,0.0,0.0,0.0,0.0,0.0,0.0,0.0,0.0,0.0,0.0,0.0,0.0,0.0,0.0,0.0,0.0,0.0,0.0,0.0,0.0,0.0,0.0,0.0,0.0,0.0,0.0,0.0,0.0
computers and electronics 26,0.0,0.0,0.0,0.0,0.0,0.0,0.0,0.0,0.0,0.0,0.0,0.0,0.0,0.0,0.0,0.0,0.0,0.0,0.0,0.0,0.0,0.0,0.0,0.0,0.0,0.0,0.0,0.0,0.0,0.0,0.0,0.0,0.0,0.0,0.0,0.0
appliances and electrical equipment 27,0.0,0.0,0.0,0.0,0.0,0.0,0.0,0.0,0.0,0.0,0.0,0.0,0.0,0.0,0.0,0.0,0.0,0.0,0.0,0.0,0.0,0.0,0.0,0.0,0.0,0.0,0.0,0.0,0.0,0.0,0.0,0.0,0.0,0.0,0.0,0.0
other machinery 28,0.0,0.0,0.0,0.0,0.0,0.0,0.0,0.0,0.0,0.0,0.0,0.0,0.0,0.0,0.0,0.0,0.0,0.0,0.0,0.0,0.0,0.0,0.0,0.0,0.0,0.0,0.0,0.0,0.0,0.0,0.0,0.0,0.0,0.0,0.0,0.0
road vehicles 29,0.0,0.0,0.0,0.0,0.0,0.0,0.0,0.0,0.0,0.0,0.0,0.0,0.0,0.0,0.0,0.0,0.0,0.0,0.0,0.0,0.0,0.0,0.0,0.0,0.0,0.0,0.0,0.0,0.0,0.0,0.0,0.0,0.0,0.0,0.0,0.0
nonroad vehicles 30,0.0,0.0,0.0,0.0,0.0,0.0,0.0,0.0,0.0,0.0,0.0,0.0,0.0,0.0,0.0,0.0,0.0,0.0,0.0,0.0,0.0,0.0,0.0,0.0,0.0,0.0,0.0,0.0,0.0,0.0,0.0,0.0,0.0,0.0,0.0,0.0
other manufacturing 31T33,0.0,0.0,0.0,0.0,0.0,16702851.417769376,16842520.856962822,18312931.62365099,19911034.870630044,19586553.843532246,19056626.063625224,18786765.471437495,18748202.98960833,18815713.178478595,19097778.1156755,19443064.26252402,19778825.466627024,20347340.780986693,20833429.875709556,21336797.170115836,21766321.88283764,22024521.296588536,22355628.530498136,22840544.686736662,23138401.258923735,23585811.845632005,24021736.930619027,24391197.526995584,24683444.663743686,24971200.102193106,25304117.904584087,25880292.45613934,26239970.463689633,26551638.58406028,26895330.594509352,27247765.681084998
energy pipelines and gas processing 352T353,0.0,0.0,0.0,0.0,0.0,184617.7311725453,183912.44995233556,212194.236502153,232026.9597069597,266459.7751570844,271397.7686800023,272952.3217443396,290819.079179525,313290.1413351672,316813.2166675541,321882.862623277,318158.03059082525,311553.94104572013,300376.0340721846,292888.8473185764,289828.16683494474,289540.996443551,289787.0375453391,286210.78272544197,287508.50893749605,286121.2454899549,283181.7550621657,282922.45176553726,284534.7637600021,285904.7495741921,287464.2597544981,288434.8596174079,286517.8722580798,285326.6818182135,286728.9657159976,289931.15910947684
water and waste 36T39,0.0,0.0,0.0,0.0,0.0,0.0,0.0,0.0,0.0,0.0,0.0,0.0,0.0,0.0,0.0,0.0,0.0,0.0,0.0,0.0,0.0,0.0,0.0,0.0,0.0,0.0,0.0,0.0,0.0,0.0,0.0,0.0,0.0,0.0,0.0,0.0
construction 41T43,0.0,0.0,0.0,0.0,0.0,0.0,0.0,0.0,0.0,0.0,0.0,0.0,0.0,0.0,0.0,0.0,0.0,0.0,0.0,0.0,0.0,0.0,0.0,0.0,0.0,0.0,0.0,0.0,0.0,0.0,0.0,0.0,0.0,0.0,0.0,0.0
