Pollutant:,PM10,Unit: grams,,,,,,,,,,,,,,,,,,,,,,,,,,,,,,,,,,
,2015.0,2016.0,2017.0,2018.0,2019.0,2020.0,2021.0,2022.0,2023.0,2024.0,2025.0,2026.0,2027.0,2028.0,2029.0,2030.0,2031.0,2032.0,2033.0,2034.0,2035.0,2036.0,2037.0,2038.0,2039.0,2040.0,2041.0,2042.0,2043.0,2044.0,2045.0,2046.0,2047.0,2048.0,2049.0,2050.0
agriculture and forestry 01T03,0.0,0.0,0.0,0.0,0.0,104750.87719298244,105473.6842105263,106189.47368421052,112293.96325459318,114661.80467999724,115875.04111881377,116822.86789671835,117740.26351948475,118569.15543889903,119488.02157835591,120383.11273956635,120170.23587328436,120239.19111391464,119734.24201178268,119508.65451046257,119257.00833040972,119159.48689448064,119017.841782823,119025.71146561232,119023.39529639675,119018.50523150801,118973.50455128824,119147.10745745029,119269.02089626004,119444.76772459326,119765.12815279308,120780.07509215758,121816.08922842857,122882.2830451404,123800.44095707398,124748.48535014261
coal mining 05,0.0,0.0,0.0,0.0,0.0,0.0,0.0,0.0,0.0,0.0,0.0,0.0,0.0,0.0,0.0,0.0,0.0,0.0,0.0,0.0,0.0,0.0,0.0,0.0,0.0,0.0,0.0,0.0,0.0,0.0,0.0,0.0,0.0,0.0,0.0,0.0
oil and gas extraction 06,0.0,0.0,0.0,0.0,0.0,0.0,0.0,0.0,0.0,0.0,0.0,0.0,0.0,0.0,0.0,0.0,0.0,0.0,0.0,0.0,0.0,0.0,0.0,0.0,0.0,0.0,0.0,0.0,0.0,0.0,0.0,0.0,0.0,0.0,0.0,0.0
other mining and quarrying 07T08,0.0,0.0,0.0,0.0,0.0,0.0,0.0,0.0,0.0,0.0,0.0,0.0,0.0,0.0,0.0,0.0,0.0,0.0,0.0,0.0,0.0,0.0,0.0,0.0,0.0,0.0,0.0,0.0,0.0,0.0,0.0,0.0,0.0,0.0,0.0,0.0
food beverage and tobacco 10T12,0.0,0.0,0.0,0.0,0.0,0.0,0.0,0.0,0.0,0.0,0.0,0.0,0.0,0.0,0.0,0.0,0.0,0.0,0.0,0.0,0.0,0.0,0.0,0.0,0.0,0.0,0.0,0.0,0.0,0.0,0.0,0.0,0.0,0.0,0.0,0.0
textiles apparel and leather 13T15,0.0,0.0,0.0,0.0,0.0,0.0,0.0,0.0,0.0,0.0,0.0,0.0,0.0,0.0,0.0,0.0,0.0,0.0,0.0,0.0,0.0,0.0,0.0,0.0,0.0,0.0,0.0,0.0,0.0,0.0,0.0,0.0,0.0,0.0,0.0,0.0
wood products 16,0.0,0.0,0.0,0.0,0.0,0.0,0.0,0.0,0.0,0.0,0.0,0.0,0.0,0.0,0.0,0.0,0.0,0.0,0.0,0.0,0.0,0.0,0.0,0.0,0.0,0.0,0.0,0.0,0.0,0.0,0.0,0.0,0.0,0.0,0.0,0.0
pulp paper and printing 17T18,0.0,0.0,0.0,0.0,0.0,76308236.12583952,77406811.5942029,82011234.87483042,84982323.58496232,84130574.4454872,84057347.15445217,84384828.46173406,84314706.82073918,84665404.93903479,85248156.51402926,85686734.87650101,86539858.55561297,87362730.87711214,87863759.00652783,88502911.90117511,89115419.33648713,89288673.76155618,89629275.60938713,90491800.36402798,90540550.5993933,91366695.9390881,92522104.96983603,93404376.53298697,94066957.8597523,94424570.59717563,94724536.04813807,95052332.16273893,95035837.47391576,95174072.42227234,95435963.97837768,95751438.54862154
refined petroleum and coke 19,0.0,0.0,0.0,0.0,0.0,3416584.714158106,3426507.815989281,3436995.934777753,3179263.0573976673,4159784.958119577,4371574.581910829,4619282.890204131,4809770.427958794,4778338.211154116,4678076.440351333,4651402.980492473,4585932.597792894,4702990.98221917,4729376.704368948,4721623.515802764,4804827.992301166,4812904.359896084,4868507.496636968,4814994.181629881,4818907.153553764,4827255.181812164,4778779.381633745,4822621.570662317,4802446.047527418,4834338.3890137775,4849421.447736596,5205677.982433027,5203093.896151379,4981388.287682323,4845957.336830941,4895087.267104419
chemicals 20,0.0,0.0,0.0,0.0,0.0,4139843.176089305,3903674.0343040163,3697068.901011555,4019895.592392327,4375432.777611682,4002781.7700185995,3740367.734122085,3847526.275079855,3971179.0856457697,4098159.7689647465,4217932.152404207,4304130.015064034,4390327.409487485,4501196.297657642,4589435.4485968,4668910.3908219505,4774370.9099677205,4875809.51175201,4959806.432679469,5015723.857207025,5086085.103713796,5163016.5423517525,5311333.076900022,5455261.68300473,5565746.3038436705,5688292.624363402,5748421.68317499,5767939.151737375,5788270.002737488,5869831.501178454,5973903.570958688
rubber and plastic products 22,0.0,0.0,0.0,0.0,0.0,0.0,0.0,0.0,0.0,0.0,0.0,0.0,0.0,0.0,0.0,0.0,0.0,0.0,0.0,0.0,0.0,0.0,0.0,0.0,0.0,0.0,0.0,0.0,0.0,0.0,0.0,0.0,0.0,0.0,0.0,0.0
glass and glass products 231,0.0,0.0,0.0,0.0,0.0,0.0,0.0,0.0,0.0,0.0,0.0,0.0,0.0,0.0,0.0,0.0,0.0,0.0,0.0,0.0,0.0,0.0,0.0,0.0,0.0,0.0,0.0,0.0,0.0,0.0,0.0,0.0,0.0,0.0,0.0,0.0
cement and other nonmetallic minerals 239,0.0,0.0,0.0,0.0,0.0,76229957.18787351,79771519.61316963,76064513.29365079,79292900.69101678,90214102.80324547,82103970.93099608,76008829.441169,72235117.35070471,69155914.0230855,68227932.61371419,67174140.16915855,66234215.36159126,65389537.74760095,54248733.42451495,52175650.317943014,49869600.56486476,47670262.80669909,46302504.36558491,45143963.13213486,43270264.174548954,42064131.40883335,40753618.40699004,39623160.96632453,38775450.233554095,38147900.79843316,37163418.51654256,36530900.33277128,35963886.838688135,35360245.1713382,34932986.624095015,34614857.88192813
iron and steel 241,0.0,0.0,0.0,0.0,0.0,127631573.1742799,129105513.2382892,152291001.3573125,148238295.54390565,143703710.63032416,134108482.17674132,120651122.42727925,115625298.30378103,117234670.30217408,117612122.96531346,116254826.1590677,113747106.1005618,109519654.871856,109522831.67494138,111383966.1823151,111895166.96566938,113069900.59656833,114322576.18813896,115390153.33688627,116775192.11352322,117768440.85509185,118115295.66825247,119284675.95094866,121478856.28840716,122756225.54169156,123139181.86014412,122778206.36883616,121337152.02968471,119676581.16547433,119742400.00857693,120860968.65440698
other metals 242,0.0,0.0,0.0,0.0,0.0,9229193.407761829,9510963.104731526,9643438.795811519,10474937.527839644,10825538.300332565,10704904.195508204,10657429.066869458,10890411.07849798,11285765.368973793,11610516.290335119,11884252.292051528,12041847.328517823,12066548.787676387,12059879.762629038,12089656.34059525,12163507.82004903,12278049.977266889,12401807.331955014,12498380.374657389,12570376.78483095,12694786.257207995,12789697.020006984,12864596.184136976,12985917.02420044,13114268.280081972,13178500.232924901,13199361.88541157,13216447.545857077,13247456.947593277,13281259.972432522,13278067.479743535
metal products except machinery and vehicles 25,0.0,0.0,0.0,0.0,0.0,0.0,0.0,0.0,0.0,0.0,0.0,0.0,0.0,0.0,0.0,0.0,0.0,0.0,0.0,0.0,0.0,0.0,0.0,0.0,0.0,0.0,0.0,0.0,0.0,0.0,0.0,0.0,0.0,0.0,0.0,0.0
computers and electronics 26,0.0,0.0,0.0,0.0,0.0,0.0,0.0,0.0,0.0,0.0,0.0,0.0,0.0,0.0,0.0,0.0,0.0,0.0,0.0,0.0,0.0,0.0,0.0,0.0,0.0,0.0,0.0,0.0,0.0,0.0,0.0,0.0,0.0,0.0,0.0,0.0
appliances and electrical equipment 27,0.0,0.0,0.0,0.0,0.0,0.0,0.0,0.0,0.0,0.0,0.0,0.0,0.0,0.0,0.0,0.0,0.0,0.0,0.0,0.0,0.0,0.0,0.0,0.0,0.0,0.0,0.0,0.0,0.0,0.0,0.0,0.0,0.0,0.0,0.0,0.0
other machinery 28,0.0,0.0,0.0,0.0,0.0,0.0,0.0,0.0,0.0,0.0,0.0,0.0,0.0,0.0,0.0,0.0,0.0,0.0,0.0,0.0,0.0,0.0,0.0,0.0,0.0,0.0,0.0,0.0,0.0,0.0,0.0,0.0,0.0,0.0,0.0,0.0
road vehicles 29,0.0,0.0,0.0,0.0,0.0,0.0,0.0,0.0,0.0,0.0,0.0,0.0,0.0,0.0,0.0,0.0,0.0,0.0,0.0,0.0,0.0,0.0,0.0,0.0,0.0,0.0,0.0,0.0,0.0,0.0,0.0,0.0,0.0,0.0,0.0,0.0
nonroad vehicles 30,0.0,0.0,0.0,0.0,0.0,0.0,0.0,0.0,0.0,0.0,0.0,0.0,0.0,0.0,0.0,0.0,0.0,0.0,0.0,0.0,0.0,0.0,0.0,0.0,0.0,0.0,0.0,0.0,0.0,0.0,0.0,0.0,0.0,0.0,0.0,0.0
other manufacturing 31T33,0.0,0.0,0.0,0.0,0.0,245702242.34404537,247756807.37240076,269386840.0839268,292895254.3934933,288122074.4158991,280326732.13888896,276357029.5436616,275789767.82176787,276782856.0299792,280932086.95004743,286011314.34715885,290950427.9557779,299313400.4837197,306463867.04569453,313868499.3366038,320186892.67066985,323985057.0285845,328855709.8167292,335988922.222002,340370451.2108438,346951949.28282773,353364493.356673,358799331.67960215,363098344.7655505,367331284.08263576,372228570.69063973,380704212.1100496,385995146.6197664,390579846.2094877,395635623.5454,400820013.25746024
energy pipelines and gas processing 352T353,0.0,0.0,0.0,0.0,0.0,6176209.723546234,6152615.21448999,7098755.349453461,7762240.146520146,8914157.073683418,9079352.926851768,9131359.013649331,9729074.305125324,10480822.209850563,10598683.327450033,10768283.486913636,10643672.791769167,10422739.28877033,10048793.095734721,9798316.419762451,9695924.27983301,9686317.268890036,9694548.338764021,9574908.152243232,9618322.34219391,9571912.769617079,9473574.927162416,9464900.183237158,9518838.539831394,9564670.105699861,9616842.028073736,9649312.518708104,9585181.539016167,9545331.401488356,9592243.468870293,9699369.787928984
water and waste 36T39,0.0,0.0,0.0,0.0,0.0,0.0,0.0,0.0,0.0,0.0,0.0,0.0,0.0,0.0,0.0,0.0,0.0,0.0,0.0,0.0,0.0,0.0,0.0,0.0,0.0,0.0,0.0,0.0,0.0,0.0,0.0,0.0,0.0,0.0,0.0,0.0
construction 41T43,0.0,0.0,0.0,0.0,0.0,0.0,0.0,0.0,0.0,0.0,0.0,0.0,0.0,0.0,0.0,0.0,0.0,0.0,0.0,0.0,0.0,0.0,0.0,0.0,0.0,0.0,0.0,0.0,0.0,0.0,0.0,0.0,0.0,0.0,0.0,0.0
