Pollutant:,SOX,Unit: grams,,,,,,,,,,,,,,,,,,,,,,,,,,,,,,,,,,
,2015.0,2016.0,2017.0,2018.0,2019.0,2020.0,2021.0,2022.0,2023.0,2024.0,2025.0,2026.0,2027.0,2028.0,2029.0,2030.0,2031.0,2032.0,2033.0,2034.0,2035.0,2036.0,2037.0,2038.0,2039.0,2040.0,2041.0,2042.0,2043.0,2044.0,2045.0,2046.0,2047.0,2048.0,2049.0,2050.0
agriculture and forestry 01T03,0.0,0.0,0.0,0.0,0.0,0.0,0.0,0.0,0.0,0.0,0.0,0.0,0.0,0.0,0.0,0.0,0.0,0.0,0.0,0.0,0.0,0.0,0.0,0.0,0.0,0.0,0.0,0.0,0.0,0.0,0.0,0.0,0.0,0.0,0.0,0.0
coal mining 05,0.0,0.0,0.0,0.0,0.0,0.0,0.0,0.0,0.0,0.0,0.0,0.0,0.0,0.0,0.0,0.0,0.0,0.0,0.0,0.0,0.0,0.0,0.0,0.0,0.0,0.0,0.0,0.0,0.0,0.0,0.0,0.0,0.0,0.0,0.0,0.0
oil and gas extraction 06,0.0,0.0,0.0,0.0,0.0,0.0,0.0,0.0,0.0,0.0,0.0,0.0,0.0,0.0,0.0,0.0,0.0,0.0,0.0,0.0,0.0,0.0,0.0,0.0,0.0,0.0,0.0,0.0,0.0,0.0,0.0,0.0,0.0,0.0,0.0,0.0
other mining and quarrying 07T08,0.0,0.0,0.0,0.0,0.0,0.0,0.0,0.0,0.0,0.0,0.0,0.0,0.0,0.0,0.0,0.0,0.0,0.0,0.0,0.0,0.0,0.0,0.0,0.0,0.0,0.0,0.0,0.0,0.0,0.0,0.0,0.0,0.0,0.0,0.0,0.0
food beverage and tobacco 10T12,0.0,0.0,0.0,0.0,0.0,0.0,0.0,0.0,0.0,0.0,0.0,0.0,0.0,0.0,0.0,0.0,0.0,0.0,0.0,0.0,0.0,0.0,0.0,0.0,0.0,0.0,0.0,0.0,0.0,0.0,0.0,0.0,0.0,0.0,0.0,0.0
textiles apparel and leather 13T15,0.0,0.0,0.0,0.0,0.0,0.0,0.0,0.0,0.0,0.0,0.0,0.0,0.0,0.0,0.0,0.0,0.0,0.0,0.0,0.0,0.0,0.0,0.0,0.0,0.0,0.0,0.0,0.0,0.0,0.0,0.0,0.0,0.0,0.0,0.0,0.0
wood products 16,0.0,0.0,0.0,0.0,0.0,0.0,0.0,0.0,0.0,0.0,0.0,0.0,0.0,0.0,0.0,0.0,0.0,0.0,0.0,0.0,0.0,0.0,0.0,0.0,0.0,0.0,0.0,0.0,0.0,0.0,0.0,0.0,0.0,0.0,0.0,0.0
pulp paper and printing 17T18,0.0,0.0,0.0,0.0,0.0,40425733.47472605,41007724.637681164,43447005.08495181,45020995.60581106,44569765.36582796,44530971.8213726,44704461.24686922,44667312.97934807,44853101.950238794,45161825.63523991,45394170.83006036,45846129.25845181,46282061.457143925,46547490.5988908,46886093.9512996,47210581.36692242,47302366.180289224,47482806.46066349,47939745.28688618,47965571.64747011,48403237.78954701,49015337.60868422,49482737.68074791,49833752.68883923,50023204.81018563,50182117.189607374,50355773.39024412,50347035.016407065,50420267.59866646,50559009.61111368,50726138.240239635
refined petroleum and coke 19,0.0,0.0,0.0,0.0,0.0,8939407.157213042,8965370.701205896,8992812.597721688,8318461.067916761,10883971.725619702,11438113.898912631,12086236.398226662,12584642.204266667,12502400.607063934,12240068.22941349,12170277.798934238,11998976.204899471,12305256.495628314,12374294.067697436,12354008.046668144,12571710.446857356,12592842.057609783,12738326.253123853,12598310.023115508,12608548.214803653,12630390.618784603,12503554.918422526,12618266.892858809,12565478.148834629,12648923.650584377,12688388.090772461,13620524.268421417,13613763.07227566,13033675.976840965,12679324.332541894,12807871.547689268
chemicals 20,0.0,0.0,0.0,0.0,0.0,12676456.593446165,12675407.535393545,12027276.784676988,13075078.352525981,14170992.757155526,13022456.939463139,12207962.15214548,12529919.64537324,12905196.341235217,13294340.386427252,13666167.718541592,13933741.472697861,14204073.229509307,14541615.00340194,14808309.976968437,15051203.028385252,15371348.651743295,15680460.51108462,15938248.459571404,16105740.27342152,16321812.201863876,16560510.861506028,17020381.88091205,17461133.378342804,17799460.397109587,18172617.057837646,18359388.45026993,18414395.664904956,18474982.634477332,18727539.926397428,19048650.90482481
rubber and plastic products 22,0.0,0.0,0.0,0.0,0.0,0.0,0.0,0.0,0.0,0.0,0.0,0.0,0.0,0.0,0.0,0.0,0.0,0.0,0.0,0.0,0.0,0.0,0.0,0.0,0.0,0.0,0.0,0.0,0.0,0.0,0.0,0.0,0.0,0.0,0.0,0.0
glass and glass products 231,0.0,0.0,0.0,0.0,0.0,0.0,0.0,0.0,0.0,0.0,0.0,0.0,0.0,0.0,0.0,0.0,0.0,0.0,0.0,0.0,0.0,0.0,0.0,0.0,0.0,0.0,0.0,0.0,0.0,0.0,0.0,0.0,0.0,0.0,0.0,0.0
cement and other nonmetallic minerals 239,0.0,0.0,0.0,0.0,0.0,193721299.57622513,202721384.33119637,193300861.1111111,201505081.934847,229258861.9993085,208648785.0166515,193159353.117848,183569312.1764693,175744209.1291764,173385952.9889699,170707976.38536507,168319368.78353852,166172810.51246583,137860960.79604003,132592686.11309795,126732379.06933615,121143256.57161692,117667405.96781863,114723233.86493455,109961649.17476368,106896533.89127947,103566159.70252146,100693356.24571754,98539089.98511517,96944314.16987579,94442473.76364826,92835070.99069671,91394133.6610281,89860114.06307419,88774332.51366293,87965879.83129779
iron and steel 241,0.0,0.0,0.0,0.0,0.0,103942270.87576374,105142637.47454175,124024738.71733966,120724243.11926606,117031308.51324165,109217020.79248092,98257440.04327907,94164443.62063627,95475105.05053513,95782499.89006472,94677126.75405417,92634856.87428176,89192049.81800416,89194636.9844756,90710332.06125347,91126650.44528498,92083345.39335269,93103515.73537847,93972943.18515491,95100909.19007169,95909804.09887421,96192280.26090409,97144615.47920322,98931540.7776555,99971821.46707362,100283698.44544344,99989722.50074665,98816137.80895378,97463780.37667124,97517382.78748813,98428337.35998444
other metals 242,0.0,0.0,0.0,0.0,0.0,17821562.14779373,18365659.117490698,18621469.528795812,20227092.650334075,20904102.34988076,20671158.02839078,20579483.608088978,21029371.611959793,21792800.304675896,22419893.970599793,22948477.883748136,23252793.722898908,23300492.212906208,23287614.332998883,23345112.871747375,23487719.995971814,23708900.773447316,23947876.086930934,24134358.52437499,24273383.511894174,24513618.063905735,24696890.640715536,24841520.84287794,25075791.249346517,25323637.380896483,25447669.20999454,25487953.03761311,25520945.428823564,25580824.54889301,25646098.15204986,25639933.452238142
metal products except machinery and vehicles 25,0.0,0.0,0.0,0.0,0.0,0.0,0.0,0.0,0.0,0.0,0.0,0.0,0.0,0.0,0.0,0.0,0.0,0.0,0.0,0.0,0.0,0.0,0.0,0.0,0.0,0.0,0.0,0.0,0.0,0.0,0.0,0.0,0.0,0.0,0.0,0.0
computers and electronics 26,0.0,0.0,0.0,0.0,0.0,0.0,0.0,0.0,0.0,0.0,0.0,0.0,0.0,0.0,0.0,0.0,0.0,0.0,0.0,0.0,0.0,0.0,0.0,0.0,0.0,0.0,0.0,0.0,0.0,0.0,0.0,0.0,0.0,0.0,0.0,0.0
appliances and electrical equipment 27,0.0,0.0,0.0,0.0,0.0,0.0,0.0,0.0,0.0,0.0,0.0,0.0,0.0,0.0,0.0,0.0,0.0,0.0,0.0,0.0,0.0,0.0,0.0,0.0,0.0,0.0,0.0,0.0,0.0,0.0,0.0,0.0,0.0,0.0,0.0,0.0
other machinery 28,0.0,0.0,0.0,0.0,0.0,0.0,0.0,0.0,0.0,0.0,0.0,0.0,0.0,0.0,0.0,0.0,0.0,0.0,0.0,0.0,0.0,0.0,0.0,0.0,0.0,0.0,0.0,0.0,0.0,0.0,0.0,0.0,0.0,0.0,0.0,0.0
road vehicles 29,0.0,0.0,0.0,0.0,0.0,0.0,0.0,0.0,0.0,0.0,0.0,0.0,0.0,0.0,0.0,0.0,0.0,0.0,0.0,0.0,0.0,0.0,0.0,0.0,0.0,0.0,0.0,0.0,0.0,0.0,0.0,0.0,0.0,0.0,0.0,0.0
nonroad vehicles 30,0.0,0.0,0.0,0.0,0.0,0.0,0.0,0.0,0.0,0.0,0.0,0.0,0.0,0.0,0.0,0.0,0.0,0.0,0.0,0.0,0.0,0.0,0.0,0.0,0.0,0.0,0.0,0.0,0.0,0.0,0.0,0.0,0.0,0.0,0.0,0.0
other manufacturing 31T33,0.0,0.0,0.0,0.0,0.0,233009160.6805293,234957586.01134214,255470202.09299684,277764161.7856076,273237566.3026124,265844934.70163503,262080308.619916,261542351.87827763,262484136.7300132,266419016.62745014,271235848.99094677,275919805.90347093,283850743.73675895,290631814.1746386,297653920.0324956,303645902.4970215,307247852.07925254,311866884.8862169,318631592.52442056,322786769.87423843,329028264.9747438,335109534.31204736,340263606.59066683,344340530.8440025,348354794.7272952,352999085.4397303,361036871.64194345,366054474.23914963,370402326.31075364,375196920.05312145,380113482.00193954
energy pipelines and gas processing 352T353,0.0,0.0,0.0,0.0,0.0,110465.204957102,110043.2030505243,126965.48526001986,138832.3076923077,159435.0309074099,162389.65754658225,163319.81751430614,174010.31300171948,187455.77390550898,189563.79048766338,192597.190779185,190368.45396565003,186416.92612202553,179728.67479870605,175248.7496363909,173417.40497201192,173245.57783524963,173392.7954430292,171252.9591491385,172029.44790285834,171199.38493930205,169440.55381017455,169285.40082662206,170250.12059536888,171069.8455632345,172002.9715994286,172583.7257453425,171436.70481618564,170723.9612717435,171563.01165543604,173479.0299451005
water and waste 36T39,0.0,0.0,0.0,0.0,0.0,0.0,0.0,0.0,0.0,0.0,0.0,0.0,0.0,0.0,0.0,0.0,0.0,0.0,0.0,0.0,0.0,0.0,0.0,0.0,0.0,0.0,0.0,0.0,0.0,0.0,0.0,0.0,0.0,0.0,0.0,0.0
construction 41T43,0.0,0.0,0.0,0.0,0.0,0.0,0.0,0.0,0.0,0.0,0.0,0.0,0.0,0.0,0.0,0.0,0.0,0.0,0.0,0.0,0.0,0.0,0.0,0.0,0.0,0.0,0.0,0.0,0.0,0.0,0.0,0.0,0.0,0.0,0.0,0.0
