Pollutant:,NOX,Unit: grams,,,,,,,,,,,,,,,,,,,,,,,,,,,,,,,,,,
,2015.0,2016.0,2017.0,2018.0,2019.0,2020.0,2021.0,2022.0,2023.0,2024.0,2025.0,2026.0,2027.0,2028.0,2029.0,2030.0,2031.0,2032.0,2033.0,2034.0,2035.0,2036.0,2037.0,2038.0,2039.0,2040.0,2041.0,2042.0,2043.0,2044.0,2045.0,2046.0,2047.0,2048.0,2049.0,2050.0
agriculture and forestry 01T03,0.0,0.0,0.0,0.0,0.0,2494.0685045948203,2511.2781954887214,2528.3208020050124,2673.665791776028,2730.0429685713625,2758.9295504479473,2781.4968546837704,2803.3396076067797,2823.0751294975953,2844.95289472276,2866.264589037294,2861.196092221056,2862.8378836646334,2850.815285994826,2845.444155011013,2839.45257929547,2837.130640344777,2833.7581376862613,2833.945511086007,2833.8903641999223,2833.7739340835237,2832.7024893163875,2836.835891844055,2839.7385927680966,2843.923041061744,2851.5506703045976,2875.7160736227993,2900.3830768673465,2925.768643931914,2947.6295465969997,2970.2020321462523
coal mining 05,0.0,0.0,0.0,0.0,0.0,0.0,0.0,0.0,0.0,0.0,0.0,0.0,0.0,0.0,0.0,0.0,0.0,0.0,0.0,0.0,0.0,0.0,0.0,0.0,0.0,0.0,0.0,0.0,0.0,0.0,0.0,0.0,0.0,0.0,0.0,0.0
oil and gas extraction 06,0.0,0.0,0.0,0.0,0.0,0.0,0.0,0.0,0.0,0.0,0.0,0.0,0.0,0.0,0.0,0.0,0.0,0.0,0.0,0.0,0.0,0.0,0.0,0.0,0.0,0.0,0.0,0.0,0.0,0.0,0.0,0.0,0.0,0.0,0.0,0.0
other mining and quarrying 07T08,0.0,0.0,0.0,0.0,0.0,0.0,0.0,0.0,0.0,0.0,0.0,0.0,0.0,0.0,0.0,0.0,0.0,0.0,0.0,0.0,0.0,0.0,0.0,0.0,0.0,0.0,0.0,0.0,0.0,0.0,0.0,0.0,0.0,0.0,0.0,0.0
food beverage and tobacco 10T12,0.0,0.0,0.0,0.0,0.0,0.0,0.0,0.0,0.0,0.0,0.0,0.0,0.0,0.0,0.0,0.0,0.0,0.0,0.0,0.0,0.0,0.0,0.0,0.0,0.0,0.0,0.0,0.0,0.0,0.0,0.0,0.0,0.0,0.0,0.0,0.0
textiles apparel and leather 13T15,0.0,0.0,0.0,0.0,0.0,0.0,0.0,0.0,0.0,0.0,0.0,0.0,0.0,0.0,0.0,0.0,0.0,0.0,0.0,0.0,0.0,0.0,0.0,0.0,0.0,0.0,0.0,0.0,0.0,0.0,0.0,0.0,0.0,0.0,0.0,0.0
wood products 16,0.0,0.0,0.0,0.0,0.0,0.0,0.0,0.0,0.0,0.0,0.0,0.0,0.0,0.0,0.0,0.0,0.0,0.0,0.0,0.0,0.0,0.0,0.0,0.0,0.0,0.0,0.0,0.0,0.0,0.0,0.0,0.0,0.0,0.0,0.0,0.0
pulp paper and printing 17T18,0.0,0.0,0.0,0.0,0.0,139802757.15800634,141815434.78260872,150251104.4093145,155694375.20845196,154133903.04776388,153999744.82703102,154599716.62562186,154471248.20274597,155113755.0454804,156181402.27543405,156984912.71436337,158547903.14097926,160055470.6746447,160973394.05306643,162144372.9860594,163266535.31851307,163583951.20366782,164207960.87598357,165788174.820609,165877489.1287649,167391053.09205854,169507854.32275978,171124245.9909829,172338147.6748122,172993322.64968845,173542883.2112449,174143431.76187983,174113212.18018043,174366469.59899923,174846275.7572696,175424250.25874537
refined petroleum and coke 19,0.0,0.0,0.0,0.0,0.0,11556145.22108084,11589708.798570791,11625183.47107438,10753436.153670248,14069921.598985696,14786271.946953835,15624112.487316675,16268411.351026086,16162096.041322185,15822973.882659364,15732754.43796059,15511309.540949598,15907244.020246856,15996490.23025955,15970266.096952988,16251694.217109079,16279011.460670738,16467081.70528155,16286080.005859109,16299315.115063641,16327551.214834267,16163588.242030306,16311878.63890668,16243637.604433864,16351509.224923594,16402525.673090875,17607516.210527454,17598775.88097824,16848886.028348662,16390808.776822569,16556984.258024357
chemicals 20,0.0,0.0,0.0,0.0,0.0,8557017.67374865,1029274.5609977933,753258.2063540885,842582.9991918553,1506920.003253821,809332.388920899,373834.80363395374,655465.5235943219,943769.72904772,1203105.259148937,1401181.5695508705,1543959.116450684,1659835.1740403618,1907967.312275718,2124464.877169197,2293263.655914116,2538360.583044854,2762650.5291796485,2930576.6111413315,3082527.4092093604,3221905.4385488587,3350410.7609810303,3601251.1631313316,3898426.8285991987,4126639.0431377185,4400293.940862073,4498722.255071443,4585433.54216172,4643711.550137677,4784895.958950515,4976265.992178045
rubber and plastic products 22,0.0,0.0,0.0,0.0,0.0,0.0,0.0,0.0,0.0,0.0,0.0,0.0,0.0,0.0,0.0,0.0,0.0,0.0,0.0,0.0,0.0,0.0,0.0,0.0,0.0,0.0,0.0,0.0,0.0,0.0,0.0,0.0,0.0,0.0,0.0,0.0
glass and glass products 231,0.0,0.0,0.0,0.0,0.0,0.0,0.0,0.0,0.0,0.0,0.0,0.0,0.0,0.0,0.0,0.0,0.0,0.0,0.0,0.0,0.0,0.0,0.0,0.0,0.0,0.0,0.0,0.0,0.0,0.0,0.0,0.0,0.0,0.0,0.0,0.0
cement and other nonmetallic minerals 239,0.0,0.0,0.0,0.0,0.0,741988734.9777247,776460739.4327937,740378377.1825397,771802074.2349457,878104232.0561454,799163790.3927445,739836375.1562257,703104728.3933545,673133123.1861194,664100562.0064605,653843411.7769532,644694598.8342645,636472880.0062714,528033211.2557298,507854735.9096397,485408666.12023646,464001283.7581001,450688127.1866461,439411398.5101687,421173640.4088247,409433676.77690387,396677722.02786654,385674348.58665735,377423106.72008795,371314817.68676496,361732301.9685979,355575649.33044696,350056590.41043246,344181009.0293103,340022263.0366283,336925738.3674787
iron and steel 241,0.0,0.0,0.0,0.0,0.0,255561847.54146057,258513177.18940938,304938415.33763146,296823519.0039318,287743736.7092633,268530823.7113831,241584609.42390087,231521199.04294604,234743709.51634747,235499498.2099463,232781728.06233054,227760419.02938905,219295622.90152004,219301983.94248798,223028608.6435572,224052206.59357443,226404423.13071358,228912705.99983355,231050358.79013777,233823677.8041608,235812499.82641143,236507021.21070042,238848518.52278256,243242014.32428265,245799742.30837828,246566551.19302455,245843755.40526217,242958274.17078495,239633246.14302865,239765037.86766222,242004792.98953897
other metals 242,0.0,0.0,0.0,0.0,0.0,9836638.383838383,10136953.535353536,10278148.481675394,11164374.61024499,11538051.14553211,11409477.1723269,11358877.336348526,11607193.705621008,12028569.335872618,12374694.640339969,12666447.336654423,12834414.927787898,12860742.18203004,12853634.216591965,12885370.622670049,12964082.842189396,13086163.90935062,13218066.697776709,13320995.963284502,13397731.016990952,13530328.844041355,13631486.42208091,13711315.282550871,13840621.19038071,13977420.240355799,14045879.797425255,14068114.517463516,14086324.718065692,14119375.089631379,14155402.954357231,14152000.338902423
metal products except machinery and vehicles 25,0.0,0.0,0.0,0.0,0.0,0.0,0.0,0.0,0.0,0.0,0.0,0.0,0.0,0.0,0.0,0.0,0.0,0.0,0.0,0.0,0.0,0.0,0.0,0.0,0.0,0.0,0.0,0.0,0.0,0.0,0.0,0.0,0.0,0.0,0.0,0.0
computers and electronics 26,0.0,0.0,0.0,0.0,0.0,0.0,0.0,0.0,0.0,0.0,0.0,0.0,0.0,0.0,0.0,0.0,0.0,0.0,0.0,0.0,0.0,0.0,0.0,0.0,0.0,0.0,0.0,0.0,0.0,0.0,0.0,0.0,0.0,0.0,0.0,0.0
appliances and electrical equipment 27,0.0,0.0,0.0,0.0,0.0,0.0,0.0,0.0,0.0,0.0,0.0,0.0,0.0,0.0,0.0,0.0,0.0,0.0,0.0,0.0,0.0,0.0,0.0,0.0,0.0,0.0,0.0,0.0,0.0,0.0,0.0,0.0,0.0,0.0,0.0,0.0
other machinery 28,0.0,0.0,0.0,0.0,0.0,0.0,0.0,0.0,0.0,0.0,0.0,0.0,0.0,0.0,0.0,0.0,0.0,0.0,0.0,0.0,0.0,0.0,0.0,0.0,0.0,0.0,0.0,0.0,0.0,0.0,0.0,0.0,0.0,0.0,0.0,0.0
road vehicles 29,0.0,0.0,0.0,0.0,0.0,0.0,0.0,0.0,0.0,0.0,0.0,0.0,0.0,0.0,0.0,0.0,0.0,0.0,0.0,0.0,0.0,0.0,0.0,0.0,0.0,0.0,0.0,0.0,0.0,0.0,0.0,0.0,0.0,0.0,0.0,0.0
nonroad vehicles 30,0.0,0.0,0.0,0.0,0.0,0.0,0.0,0.0,0.0,0.0,0.0,0.0,0.0,0.0,0.0,0.0,0.0,0.0,0.0,0.0,0.0,0.0,0.0,0.0,0.0,0.0,0.0,0.0,0.0,0.0,0.0,0.0,0.0,0.0,0.0,0.0
other manufacturing 31T33,0.0,0.0,0.0,0.0,0.0,274346734.9716446,276640825.5828607,300792533.7444318,327041609.24598724,321711961.7434163,313007821.8003645,308575322.79091686,307941928.4849013,309050793.0392596,313683750.16941935,319355124.75388426,324870050.7848858,334207996.5268939,342192079.76555973,350459959.9171463,357514965.0523472,361755927.53009474,367194411.4318287,375159228.98732144,380051565.9916748,387400349.177555,394560481.34703594,400628924.7392074,405429125.960321,410155550.39135814,415623773.140603,425087522.9542884,430995285.9190934,436114479.58727556,441759670.25227964,447548467.19916624
energy pipelines and gas processing 352T353,0.0,0.0,0.0,0.0,0.0,346836.987607245,345511.9923736892,398644.31931103015,435903.5897435897,500591.7099458462,509868.6021892691,512789.10445352044,546354.9612527107,588570.8169936412,595189.5357247067,604713.7602959357,597716.0059996753,585309.0583616287,564309.3875400234,550243.3859551197,544493.357546532,543953.8572891708,544416.088917898,537697.4631349294,540135.4708347811,537529.2516373786,532006.9001351717,531519.7531330497,534548.765740298,537122.5258544568,540052.3409358403,541875.7840606453,538274.3850142604,536036.5235628935,538670.9613267453,544686.8467093479
water and waste 36T39,0.0,0.0,0.0,0.0,0.0,0.0,0.0,0.0,0.0,0.0,0.0,0.0,0.0,0.0,0.0,0.0,0.0,0.0,0.0,0.0,0.0,0.0,0.0,0.0,0.0,0.0,0.0,0.0,0.0,0.0,0.0,0.0,0.0,0.0,0.0,0.0
construction 41T43,0.0,0.0,0.0,0.0,0.0,0.0,0.0,0.0,0.0,0.0,0.0,0.0,0.0,0.0,0.0,0.0,0.0,0.0,0.0,0.0,0.0,0.0,0.0,0.0,0.0,0.0,0.0,0.0,0.0,0.0,0.0,0.0,0.0,0.0,0.0,0.0
