Unit: incidents / ton pollutant,2024.0,2025.0,2026.0,2027.0,2028.0,2029.0,2030.0,2031.0,2032.0,2033.0,2034.0,2035.0,2036.0,2037.0,2038.0,2039.0,2040.0,2041.0,2042.0,2043.0,2044.0,2045.0,2046.0,2047.0,2048.0,2049.0,2050.0
Premature mortality,0.00943336,0.0095502,0.00966704,0.00978389,0.00990073,0.0101302,0.0103597,0.0105139,0.0106681,0.0108223,0.0109765,0.0111307,0.0112536,0.0113765,0.0114994,0.0116223,0.0117452,0.0118156,0.0118859,0.0119562,0.0120266,0.0120969,0.0121164,0.012136,0.0121555,0.012175,0.0121946
Infant mortality,1.22658e-05,1.21589e-05,1.2052e-05,1.19451e-05,1.18383e-05,7.85078e-06,3.86328e-06,3.836e-06,3.80872e-06,3.78145e-06,3.75417e-06,3.72689e-06,3.70935e-06,3.69181e-06,3.67427e-06,3.65672e-06,3.63918e-06,3.61816e-06,3.59715e-06,3.57613e-06,3.55512e-06,3.5341e-06,3.51238e-06,3.49066e-06,3.46895e-06,3.44723e-06,3.42551e-06
Asthma symptoms albuturol use,5.38593,5.43915,5.49238,5.5456,5.59883,5.66058,5.72233,5.76591,5.80949,5.85307,5.89665,5.94023,5.95783,5.97543,5.99303,6.01063,6.02823,6.04881,6.06939,6.08997,6.11055,6.13113,6.15345,6.17578,6.19811,6.22043,6.24276
Asthma symptoms chest tightness,0.0,0.0,0.0,0.0,0.0,0.0,0.0,0.0,0.0,0.0,0.0,0.0,0.0,0.0,0.0,0.0,0.0,0.0,0.0,0.0,0.0,0.0,0.0,0.0,0.0,0.0,0.0
Asthma symptoms cough,0.019109,0.019109,0.019109,0.019109,0.019109,0.019109,0.019109,0.019109,0.019109,0.019109,0.019109,0.019109,0.019109,0.019109,0.019109,0.019109,0.019109,0.019109,0.019109,0.019109,0.019109,0.019109,0.019109,0.019109,0.019109,0.019109,0.019109
Asthma symptoms shortness of breath,0.0257331,0.0257331,0.0257331,0.0257331,0.0257331,0.0257331,0.0257331,0.0257331,0.0257331,0.0257331,0.0257331,0.0257331,0.0257331,0.0257331,0.0257331,0.0257331,0.0257331,0.0257331,0.0257331,0.0257331,0.0257331,0.0257331,0.0257331,0.0257331,0.0257331,0.0257331,0.0257331
Asthma symptoms wheeze,0.0393158,0.0393158,0.0393158,0.0393158,0.0393158,0.0393158,0.0393158,0.0393158,0.0393158,0.0393158,0.0393158,0.0393158,0.0393158,0.0393158,0.0393158,0.0393158,0.0393158,0.0393158,0.0393158,0.0393158,0.0393158,0.0393158,0.0393158,0.0393158,0.0393158,0.0393158,0.0393158
Asthma incidence,0.0291599,0.029343,0.029526,0.0297091,0.0298922,0.0300552,0.0302182,0.030347,0.0304757,0.0306044,0.0307331,0.0308618,0.0309768,0.0310917,0.0312067,0.0313216,0.0314365,0.0315449,0.0316534,0.0317618,0.0318702,0.0319786,0.0320805,0.0321823,0.0322842,0.032386,0.0324879
Hay fever rhinitis incidence,0.185637,0.187286,0.188935,0.190584,0.192233,0.194019,0.195806,0.197116,0.198427,0.199737,0.201047,0.202357,0.202999,0.20364,0.204281,0.204922,0.205564,0.206274,0.206984,0.207694,0.208404,0.209115,0.209851,0.210587,0.211323,0.212059,0.212796
Respiratory emergency room visits,0.00871737,0.00879757,0.00887776,0.00895795,0.00903815,0.00912076,0.00920337,0.00928018,0.009357,0.00943382,0.00951064,0.00958745,0.00965126,0.00971507,0.00977887,0.00984268,0.00990649,0.00996069,0.0100149,0.0100691,0.0101233,0.0101775,0.0102279,0.0102782,0.0103286,0.0103789,0.0104293
Respiratory hospital admissions,0.00069626,0.000700087,0.000703914,0.00070774,0.000711567,0.000715669,0.000719771,0.000723435,0.0007271,0.000730765,0.000734429,0.000738094,0.000740566,0.000743038,0.00074551,0.000747982,0.000750454,0.000752758,0.000755061,0.000757365,0.000759668,0.000761972,0.000764249,0.000766527,0.000768805,0.000771083,0.00077336
Non-fatal heart attacks,0.00419825,0.00431985,0.00444145,0.00456305,0.00468466,0.00480008,0.0049155,0.00500967,0.00510383,0.005198,0.00529217,0.00538634,0.00544745,0.00550855,0.00556965,0.00563076,0.00569186,0.0057255,0.00575914,0.00579278,0.00582642,0.00586006,0.00588637,0.00591269,0.00593901,0.00596532,0.00599164
Minor restricted activity days,2.85705,2.86339,2.86974,2.87608,2.88242,2.89183,2.90124,2.91786,2.93448,2.9511,2.96772,2.98433,3.00739,3.03044,3.0535,3.07655,3.09961,3.12286,3.14611,3.16936,3.19262,3.21587,3.2358,3.25574,3.27567,3.2956,3.31553
Work loss days,0.47769,0.479057,0.480424,0.481791,0.483158,0.484928,0.486699,0.489361,0.492023,0.494685,0.497347,0.50001,0.503447,0.506883,0.51032,0.513757,0.517194,0.521008,0.524822,0.528636,0.532449,0.536263,0.539628,0.542992,0.546356,0.549721,0.553085
Lung cancer incidence,0.000814553,0.000830112,0.000845671,0.00086123,0.000876789,0.000893364,0.00090994,0.000927948,0.000945956,0.000963963,0.000981971,0.000999978,0.00101547,0.00103096,0.00104645,0.00106194,0.00107743,0.00108557,0.00109372,0.00110187,0.00111001,0.00111816,0.00112195,0.00112574,0.00112953,0.00113333,0.00113712
Cardiovascular hospital admissions,0.00103538,0.0010661,0.00109683,0.00112755,0.00115828,0.00118791,0.00121754,0.00124321,0.00126889,0.00129456,0.00132023,0.0013459,0.00136316,0.00138041,0.00139767,0.00141493,0.00143218,0.00144171,0.00145123,0.00146076,0.00147028,0.0014798,0.00148645,0.00149309,0.00149974,0.00150638,0.00151303
Alzheimers disease hospital admissions,0.00562771,0.00580973,0.00599175,0.00617377,0.00635579,0.00654996,0.00674414,0.00694049,0.00713684,0.00733319,0.00752953,0.00772588,0.007869,0.00801213,0.00815525,0.00829837,0.00844149,0.00851446,0.00858743,0.00866039,0.00873336,0.00880633,0.00883138,0.00885643,0.00888147,0.00890652,0.00893157
Parkinsons disease hospital admissions,0.000772405,0.000792373,0.000812342,0.00083231,0.000852279,0.000869164,0.00088605,0.000897259,0.000908469,0.000919678,0.000930888,0.000942097,0.00094759,0.000953082,0.000958575,0.000964067,0.00096956,0.000972894,0.000976228,0.000979562,0.000982896,0.00098623,0.000991135,0.00099604,0.00100095,0.00100585,0.00101076
Stroke incidence,0.000695913,0.000714177,0.000732441,0.000750706,0.00076897,0.000784213,0.000799455,0.000808965,0.000818475,0.000827984,0.000837494,0.000847004,0.000851474,0.000855945,0.000860415,0.000864885,0.000869355,0.000871907,0.000874459,0.000877011,0.000879563,0.000882115,0.000886631,0.000891148,0.000895665,0.000900182,0.000904699
Out of hospital cardiac arrest incidence,0.00016544,0.000167876,0.000170313,0.000172749,0.000175185,0.000177481,0.000179777,0.000181588,0.000183399,0.000185211,0.000187022,0.000188833,0.00019007,0.000191307,0.000192544,0.000193781,0.000195018,0.000196002,0.000196986,0.00019797,0.000198954,0.000199939,0.000201032,0.000202125,0.000203219,0.000204312,0.000205406
Cardiac emergency room visits,0.00351565,0.00357938,0.00364312,0.00370686,0.00377059,0.00383337,0.00389615,0.00395763,0.00401911,0.00408058,0.00414206,0.00420354,0.00425318,0.00430283,0.00435247,0.00440212,0.00445177,0.00448691,0.00452205,0.00455719,0.00459234,0.00462748,0.00465388,0.00468028,0.00470668,0.00473308,0.00475948
School loss days,0.0,0.0,0.0,0.0,0.0,0.0,0.0,0.0,0.0,0.0,0.0,0.0,0.0,0.0,0.0,0.0,0.0,0.0,0.0,0.0,0.0,0.0,0.0,0.0,0.0,0.0,0.0
,,,,,,,,,,,,,,,,,,,,,,,,,,,
Data for lookup functions (based on sheet name),,,,,,,,,,,,,,,,,,,,,,,,,,,
sector pollutant,electricity PM25,,,,,,,,,,,,,,,,,,,,,,,,,,
