Unit: BTU,2024.0,2025.0,2026.0,2027.0,2028.0,2029.0,2030.0,2031.0,2032.0,2033.0,2034.0,2035.0,2036.0,2037.0,2038.0,2039.0,2040.0,2041.0,2042.0,2043.0,2044.0,2045.0,2046.0,2047.0,2048.0,2049.0,2050.0
agriculture and forestry 01T03,43918300000.0,41617700000.0,41623200000.0,42322100000.0,43169500000.0,43780900000.0,44262800000.0,44808900000.0,46387300000.0,46305300000.0,46714100000.0,47163800000.0,47591400000.0,48354500000.0,49127700000.0,49806700000.0,50309600000.0,50551100000.0,50875600000.0,51198000000.0,51583400000.0,52047500000.0,52540500000.0,53034500000.0,53535200000.0,54034700000.0,54542000000.0
coal mining 05,0.0,0.0,0.0,0.0,0.0,0.0,0.0,0.0,0.0,0.0,0.0,0.0,0.0,0.0,0.0,0.0,0.0,0.0,0.0,0.0,0.0,0.0,0.0,0.0,0.0,0.0,0.0
oil and gas extraction 06,0.0,0.0,0.0,0.0,0.0,0.0,0.0,0.0,0.0,0.0,0.0,0.0,0.0,0.0,0.0,0.0,0.0,0.0,0.0,0.0,0.0,0.0,0.0,0.0,0.0,0.0,0.0
other mining and quarrying 07T08,172438000000.0,173890000000.0,174727000000.0,173475000000.0,171305000000.0,171087000000.0,171697000000.0,173120000000.0,174625000000.0,174478000000.0,174716000000.0,175001000000.0,174491000000.0,173720000000.0,173279000000.0,172581000000.0,171636000000.0,170661000000.0,169972000000.0,169868000000.0,170105000000.0,170636000000.0,170791000000.0,170890000000.0,170763000000.0,170773000000.0,170881000000.0
food beverage and tobacco 10T12,1052400000000.0,1029250000000.0,1015220000000.0,1019410000000.0,1022110000000.0,1020730000000.0,1013670000000.0,1009090000000.0,1006260000000.0,995631000000.0,986738000000.0,973925000000.0,960776000000.0,946802000000.0,934441000000.0,922682000000.0,913783000000.0,906861000000.0,905546000000.0,905186000000.0,905200000000.0,903939000000.0,900249000000.0,896471000000.0,892952000000.0,889912000000.0,887159000000.0
textiles apparel and leather 13T15,186307000000.0,186307000000.0,186307000000.0,186307000000.0,186307000000.0,186307000000.0,186307000000.0,186307000000.0,186307000000.0,186307000000.0,186307000000.0,186307000000.0,186307000000.0,186307000000.0,186307000000.0,186307000000.0,186307000000.0,186307000000.0,186307000000.0,186307000000.0,186307000000.0,186307000000.0,186307000000.0,186307000000.0,186307000000.0,186307000000.0,186307000000.0
wood products 16,193199000000.0,190024000000.0,188328000000.0,189082000000.0,189353000000.0,190719000000.0,190597000000.0,189155000000.0,189295000000.0,190042000000.0,190521000000.0,189926000000.0,189112000000.0,188094000000.0,186883000000.0,185828000000.0,184815000000.0,184355000000.0,184245000000.0,183986000000.0,183720000000.0,184169000000.0,184507000000.0,184711000000.0,184873000000.0,184946000000.0,185068000000.0
pulp paper and printing 17T18,1240200000000.0,1182100000000.0,1182340000000.0,1216630000000.0,1219280000000.0,1219600000000.0,1209770000000.0,1199680000000.0,1190180000000.0,1179160000000.0,1167970000000.0,1156950000000.0,1146000000000.0,1132000000000.0,1123580000000.0,1117230000000.0,1113310000000.0,1107360000000.0,1102430000000.0,1098410000000.0,1094910000000.0,1091850000000.0,1084390000000.0,1077310000000.0,1068320000000.0,1060230000000.0,1051390000000.0
refined petroleum and coke 19,33499600000.0,33499600000.0,33499600000.0,33499600000.0,33499600000.0,33499600000.0,33499600000.0,33499600000.0,33499600000.0,33499600000.0,33499600000.0,33499600000.0,33499600000.0,33499600000.0,33499600000.0,33499600000.0,33499600000.0,33499600000.0,33499600000.0,33499600000.0,33499600000.0,33499600000.0,33499600000.0,33499600000.0,33499600000.0,33499600000.0,33499600000.0
chemicals 20,1002000000000.0,1015460000000.0,986303000000.0,974134000000.0,975541000000.0,965687000000.0,967571000000.0,975366000000.0,980853000000.0,985311000000.0,992251000000.0,997641000000.0,1002990000000.0,1004220000000.0,1007620000000.0,1016960000000.0,1026960000000.0,1039560000000.0,1057980000000.0,1076150000000.0,1095740000000.0,1116480000000.0,1136230000000.0,1156630000000.0,1175360000000.0,1191290000000.0,1211200000000.0
rubber and plastic products 22,1005270000000.0,966717000000.0,957194000000.0,973685000000.0,980430000000.0,982317000000.0,981307000000.0,984130000000.0,989775000000.0,982585000000.0,982243000000.0,979777000000.0,978350000000.0,978009000000.0,977815000000.0,976374000000.0,979034000000.0,984501000000.0,998496000000.0,1013090000000.0,1028340000000.0,1043100000000.0,1052530000000.0,1060600000000.0,1066620000000.0,1076630000000.0,1087860000000.0
glass and glass products 231,328286000000.0,320329000000.0,316770000000.0,311680000000.0,305551000000.0,299517000000.0,293766000000.0,288332000000.0,283583000000.0,279465000000.0,276032000000.0,272904000000.0,269696000000.0,266524000000.0,263431000000.0,260673000000.0,258054000000.0,255696000000.0,253518000000.0,251659000000.0,249937000000.0,248322000000.0,246857000000.0,245507000000.0,244285000000.0,242998000000.0,241836000000.0
cement and other nonmetallic minerals 239,1954700000000.0,1963390000000.0,1918200000000.0,1975490000000.0,2061120000000.0,2146400000000.0,2219500000000.0,2322880000000.0,2415600000000.0,2503860000000.0,2589120000000.0,2671710000000.0,2749920000000.0,2828120000000.0,2904490000000.0,2981330000000.0,3033520000000.0,3084240000000.0,3125210000000.0,3121830000000.0,3114190000000.0,3135190000000.0,3162200000000.0,3193050000000.0,3227130000000.0,3262750000000.0,3300990000000.0
iron and steel 241,0.0,0.0,0.0,0.0,0.0,0.0,0.0,0.0,0.0,0.0,0.0,0.0,0.0,0.0,0.0,0.0,0.0,0.0,0.0,0.0,0.0,0.0,0.0,0.0,0.0,0.0,0.0
other metals 242,0.0,0.0,0.0,0.0,0.0,0.0,0.0,0.0,0.0,0.0,0.0,0.0,0.0,0.0,0.0,0.0,0.0,0.0,0.0,0.0,0.0,0.0,0.0,0.0,0.0,0.0,0.0
metal products except machinery and vehicles 25,1394000000000.0,1366190000000.0,1397200000000.0,1411780000000.0,1393720000000.0,1380830000000.0,1373900000000.0,1367730000000.0,1378010000000.0,1377950000000.0,1387410000000.0,1394800000000.0,1398980000000.0,1403880000000.0,1412080000000.0,1415550000000.0,1423510000000.0,1432070000000.0,1445530000000.0,1460320000000.0,1480930000000.0,1500530000000.0,1516650000000.0,1525030000000.0,1529490000000.0,1544350000000.0,1558620000000.0
computers and electronics 26,304083000000.0,293466000000.0,298972000000.0,303190000000.0,303481000000.0,304229000000.0,301777000000.0,299013000000.0,301839000000.0,299491000000.0,301943000000.0,302837000000.0,303605000000.0,304665000000.0,306161000000.0,308176000000.0,310836000000.0,314244000000.0,320789000000.0,328123000000.0,336227000000.0,343894000000.0,350667000000.0,356693000000.0,362594000000.0,368952000000.0,374956000000.0
appliances and electrical equipment 27,201183000000.0,193755000000.0,192545000000.0,190734000000.0,187284000000.0,185755000000.0,187703000000.0,189077000000.0,191398000000.0,190988000000.0,190888000000.0,191407000000.0,191553000000.0,191535000000.0,191298000000.0,191143000000.0,191398000000.0,191680000000.0,192499000000.0,193282000000.0,194101000000.0,195021000000.0,196140000000.0,197187000000.0,198024000000.0,198743000000.0,199244000000.0
other machinery 28,289897000000.0,271558000000.0,267186000000.0,272773000000.0,276942000000.0,281132000000.0,284054000000.0,288575000000.0,293501000000.0,293085000000.0,295015000000.0,298032000000.0,300303000000.0,301615000000.0,301956000000.0,301817000000.0,302873000000.0,304024000000.0,305581000000.0,306786000000.0,308012000000.0,309601000000.0,311488000000.0,313535000000.0,314847000000.0,315753000000.0,316265000000.0
road vehicles 29,26455700000.0,26455700000.0,26455700000.0,26455700000.0,26455700000.0,26455700000.0,26455700000.0,26455700000.0,26455700000.0,26455700000.0,26455700000.0,26455700000.0,26455700000.0,26455700000.0,26455700000.0,26455700000.0,26455700000.0,26455700000.0,26455700000.0,26455700000.0,26455700000.0,26455700000.0,26455700000.0,26455700000.0,26455700000.0,26455700000.0,26455700000.0
nonroad vehicles 30,39644700000.0,39644700000.0,39644700000.0,39644700000.0,39644700000.0,39644700000.0,39644700000.0,39644700000.0,39644700000.0,39644700000.0,39644700000.0,39644700000.0,39644700000.0,39644700000.0,39644700000.0,39644700000.0,39644700000.0,39644700000.0,39644700000.0,39644700000.0,39644700000.0,39644700000.0,39644700000.0,39644700000.0,39644700000.0,39644700000.0,39644700000.0
other manufacturing 31T33,81578400000.0,77733700000.0,77202500000.0,77389600000.0,76586700000.0,75914200000.0,75609900000.0,75324300000.0,74954200000.0,73879400000.0,72991900000.0,72058000000.0,71037300000.0,70098600000.0,69300000000.0,68410900000.0,67901700000.0,67581600000.0,67582600000.0,67643800000.0,67778300000.0,67946200000.0,67841600000.0,67676700000.0,67365100000.0,67342500000.0,67166000000.0
energy pipelines and gas processing 352T353,314000000000.0,314000000000.0,301174000000.0,321733000000.0,330831000000.0,344383000000.0,384684000000.0,404688000000.0,422104000000.0,434197000000.0,454170000000.0,469835000000.0,485142000000.0,496877000000.0,507701000000.0,519263000000.0,528595000000.0,537818000000.0,547251000000.0,556915000000.0,566058000000.0,572491000000.0,579822000000.0,587132000000.0,592403000000.0,592520000000.0,593824000000.0
water and waste 36T39,10000000000.0,10047000000.0,10094000000.0,10141100000.0,10188100000.0,10235100000.0,10282100000.0,10319200000.0,10356200000.0,10393200000.0,10430200000.0,10467300000.0,10504300000.0,10541300000.0,10578300000.0,10615300000.0,10652400000.0,10680200000.0,10708000000.0,10735900000.0,10763700000.0,10791600000.0,10819400000.0,10847300000.0,10875100000.0,10902900000.0,10930800000.0
construction 41T43,519939000000.0,510108000000.0,506631000000.0,508861000000.0,511063000000.0,516854000000.0,522850000000.0,528477000000.0,534072000000.0,536290000000.0,536639000000.0,537923000000.0,538448000000.0,537670000000.0,536322000000.0,534562000000.0,531947000000.0,528967000000.0,527928000000.0,526693000000.0,526155000000.0,527603000000.0,529244000000.0,530587000000.0,532019000000.0,534020000000.0,536715000000.0
