Year,2024.0,2025.0,2026.0,2027.0,2028.0,2029.0,2030.0,2031.0,2032.0,2033.0,2034.0,2035.0,2036.0,2037.0,2038.0,2039.0,2040.0,2041.0,2042.0,2043.0,2044.0,2045.0,2046.0,2047.0,2048.0,2049.0,2050.0
electricity (BTU),2128930000000.0,2123030000000.0,2107060000000.0,2098280000000.0,2093930000000.0,2087110000000.0,2071830000000.0,2057800000000.0,2045420000000.0,2035110000000.0,2026120000000.0,2018220000000.0,2011950000000.0,2006030000000.0,2000130000000.0,1993980000000.0,1987630000000.0,1981970000000.0,1976080000000.0,1970470000000.0,1964890000000.0,1959180000000.0,1952740000000.0,1945240000000.0,1937290000000.0,1929480000000.0,1921230000000.0
coal (BTU),0.0,0.0,0.0,0.0,0.0,0.0,0.0,0.0,0.0,0.0,0.0,0.0,0.0,0.0,0.0,0.0,0.0,0.0,0.0,0.0,0.0,0.0,0.0,0.0,0.0,0.0,0.0
natural gas (BTU),2085110000000.0,2079330000000.0,2114710000000.0,2127600000000.0,2125480000000.0,2112060000000.0,2094100000000.0,2077920000000.0,2074040000000.0,2074780000000.0,2082080000000.0,2090430000000.0,2101750000000.0,2112780000000.0,2123750000000.0,2133920000000.0,2144160000000.0,2154950000000.0,2168150000000.0,2182310000000.0,2197670000000.0,2211970000000.0,2222640000000.0,2230790000000.0,2237980000000.0,2245000000000.0,2252250000000.0
petroleum diesel (BTU),0.0,0.0,0.0,0.0,0.0,0.0,0.0,0.0,0.0,0.0,0.0,0.0,0.0,0.0,0.0,0.0,0.0,0.0,0.0,0.0,0.0,0.0,0.0,0.0,0.0,0.0,0.0
heat (BTU),0.0,0.0,0.0,0.0,0.0,0.0,0.0,0.0,0.0,0.0,0.0,0.0,0.0,0.0,0.0,0.0,0.0,0.0,0.0,0.0,0.0,0.0,0.0,0.0,0.0,0.0,0.0
biomass (BTU),0.0,0.0,0.0,0.0,0.0,0.0,0.0,0.0,0.0,0.0,0.0,0.0,0.0,0.0,0.0,0.0,0.0,0.0,0.0,0.0,0.0,0.0,0.0,0.0,0.0,0.0,0.0
kerosene (BTU),0.0,0.0,0.0,0.0,0.0,0.0,0.0,0.0,0.0,0.0,0.0,0.0,0.0,0.0,0.0,0.0,0.0,0.0,0.0,0.0,0.0,0.0,0.0,0.0,0.0,0.0,0.0
heavy or residual oil (BTU),0.0,0.0,0.0,0.0,0.0,0.0,0.0,0.0,0.0,0.0,0.0,0.0,0.0,0.0,0.0,0.0,0.0,0.0,0.0,0.0,0.0,0.0,0.0,0.0,0.0,0.0,0.0
LPG propane or butane (BTU),0.0,0.0,0.0,0.0,0.0,0.0,0.0,0.0,0.0,0.0,0.0,0.0,0.0,0.0,0.0,0.0,0.0,0.0,0.0,0.0,0.0,0.0,0.0,0.0,0.0,0.0,0.0
hydrogen (BTU),0.0,0.0,0.0,0.0,0.0,0.0,0.0,0.0,0.0,0.0,0.0,0.0,0.0,0.0,0.0,0.0,0.0,0.0,0.0,0.0,0.0,0.0,0.0,0.0,0.0,0.0,0.0
,,,,,,,,,,,,,,,,,,,,,,,,,,,
"Cell = EPS_output!<corresponding fuel x year cell> (already aggregated from Forecast F7 10 end-uses -> 5 EPS components, x 1000 kBtu->BTU; electricity was data-center-netted at the calibration-target level in Calcs STEP 7b, with DC-stripped growth from Forecast STEP F5a). Pivoted to match EPS US baseline BCEU tab format.",,,,,,,,,,,,,,,,,,,,,,,,,,,
